;velocity 0;FuncMatrix 0;FuncMatrixRemake 0;velocity 1;FuncMatrix 1;FuncMatrixRemake 1;velocity 2;FuncMatrix 2;FuncMatrixRemake 2;velocity 3;FuncMatrix 3;FuncMatrixRemake 3;velocity 4;FuncMatrix 4;FuncMatrixRemake 4;velocity 5;FuncMatrix 5;FuncMatrixRemake 5;velocity 6;FuncMatrix 6;FuncMatrixRemake 6;velocity 7;FuncMatrix 7;FuncMatrixRemake 7;velocity 8;FuncMatrix 8;FuncMatrixRemake 8;velocity 9;FuncMatrix 9;FuncMatrixRemake 9;velocity 10;FuncMatrix 10;FuncMatrixRemake 10;velocity 11;FuncMatrix 11;FuncMatrixRemake 11;velocity 12;FuncMatrix 12;FuncMatrixRemake 12;velocity 13;FuncMatrix 13;FuncMatrixRemake 13;velocity 14;FuncMatrix 14;FuncMatrixRemake 14;velocity 15;FuncMatrix 15;FuncMatrixRemake 15;velocity 16;FuncMatrix 16;FuncMatrixRemake 16;velocity 17;FuncMatrix 17;FuncMatrixRemake 17;velocity 18;FuncMatrix 18;FuncMatrixRemake 18;velocity 19;FuncMatrix 19;FuncMatrixRemake 19;velocity 20;FuncMatrix 20;FuncMatrixRemake 20;velocity 21;FuncMatrix 21;FuncMatrixRemake 21;velocity 22;FuncMatrix 22;FuncMatrixRemake 22;velocity 23;FuncMatrix 23;FuncMatrixRemake 23;velocity 24;FuncMatrix 24;FuncMatrixRemake 24;velocity 25;FuncMatrix 25;FuncMatrixRemake 25;velocity 26;FuncMatrix 26;FuncMatrixRemake 26;velocity 27;FuncMatrix 27;FuncMatrixRemake 27;velocity 28;FuncMatrix 28;FuncMatrixRemake 28;velocity 29;FuncMatrix 29;FuncMatrixRemake 29;velocity 30;FuncMatrix 30;FuncMatrixRemake 30;velocity 31;FuncMatrix 31;FuncMatrixRemake 31;velocity 32;FuncMatrix 32;FuncMatrixRemake 32;velocity 33;FuncMatrix 33;FuncMatrixRemake 33;velocity 34;FuncMatrix 34;FuncMatrixRemake 34;velocity 35;FuncMatrix 35;FuncMatrixRemake 35;velocity 36;FuncMatrix 36;FuncMatrixRemake 36;velocity 37;FuncMatrix 37;FuncMatrixRemake 37;velocity 38;FuncMatrix 38;FuncMatrixRemake 38;velocity 39;FuncMatrix 39;FuncMatrixRemake 39;velocity 40;FuncMatrix 40;FuncMatrixRemake 40;velocity 41;FuncMatrix 41;FuncMatrixRemake 41;velocity 42;FuncMatrix 42;FuncMatrixRemake 42;velocity 43;FuncMatrix 43;FuncMatrixRemake 43;velocity 44;FuncMatrix 44;FuncMatrixRemake 44;velocity 45;FuncMatrix 45;FuncMatrixRemake 45;velocity 46;FuncMatrix 46;FuncMatrixRemake 46;velocity 47;FuncMatrix 47;FuncMatrixRemake 47;velocity 48;FuncMatrix 48;FuncMatrixRemake 48;velocity 49;FuncMatrix 49;FuncMatrixRemake 49;velocity 50;FuncMatrix 50;FuncMatrixRemake 50;velocity 51;FuncMatrix 51;FuncMatrixRemake 51;velocity 52;FuncMatrix 52;FuncMatrixRemake 52;velocity 53;FuncMatrix 53;FuncMatrixRemake 53;velocity 54;FuncMatrix 54;FuncMatrixRemake 54;velocity 55;FuncMatrix 55;FuncMatrixRemake 55;velocity 56;FuncMatrix 56;FuncMatrixRemake 56;velocity 57;FuncMatrix 57;FuncMatrixRemake 57;velocity 58;FuncMatrix 58;FuncMatrixRemake 58;velocity 59;FuncMatrix 59;FuncMatrixRemake 59;velocity 60;FuncMatrix 60;FuncMatrixRemake 60;velocity 61;FuncMatrix 61;FuncMatrixRemake 61;velocity 62;FuncMatrix 62;FuncMatrixRemake 62;velocity 63;FuncMatrix 63;FuncMatrixRemake 63;velocity 64;FuncMatrix 64;FuncMatrixRemake 64;velocity 65;FuncMatrix 65;FuncMatrixRemake 65;velocity 66;FuncMatrix 66;FuncMatrixRemake 66;velocity 67;FuncMatrix 67;FuncMatrixRemake 67;velocity 68;FuncMatrix 68;FuncMatrixRemake 68;velocity 69;FuncMatrix 69;FuncMatrixRemake 69;velocity 70;FuncMatrix 70;FuncMatrixRemake 70;velocity 71;FuncMatrix 71;FuncMatrixRemake 71;velocity 72;FuncMatrix 72;FuncMatrixRemake 72;velocity 73;FuncMatrix 73;FuncMatrixRemake 73;velocity 74;FuncMatrix 74;FuncMatrixRemake 74;velocity 75;FuncMatrix 75;FuncMatrixRemake 75;velocity 76;FuncMatrix 76;FuncMatrixRemake 76;velocity 77;FuncMatrix 77;FuncMatrixRemake 77;velocity 78;FuncMatrix 78;FuncMatrixRemake 78;velocity 79;FuncMatrix 79;FuncMatrixRemake 79;velocity 80;FuncMatrix 80;FuncMatrixRemake 80;velocity 81;FuncMatrix 81;FuncMatrixRemake 81;velocity 82;FuncMatrix 82;FuncMatrixRemake 82;velocity 83;FuncMatrix 83;FuncMatrixRemake 83;velocity 84;FuncMatrix 84;FuncMatrixRemake 84;velocity 85;FuncMatrix 85;FuncMatrixRemake 85;velocity 86;FuncMatrix 86;FuncMatrixRemake 86;velocity 87;FuncMatrix 87;FuncMatrixRemake 87;velocity 88;FuncMatrix 88;FuncMatrixRemake 88;velocity 89;FuncMatrix 89;FuncMatrixRemake 89;velocity 90;FuncMatrix 90;FuncMatrixRemake 90;velocity 91;FuncMatrix 91;FuncMatrixRemake 91;velocity 92;FuncMatrix 92;FuncMatrixRemake 92;velocity 93;FuncMatrix 93;FuncMatrixRemake 93;velocity 94;FuncMatrix 94;FuncMatrixRemake 94;velocity 95;FuncMatrix 95;FuncMatrixRemake 95;velocity 96;FuncMatrix 96;FuncMatrixRemake 96;velocity 97;FuncMatrix 97;FuncMatrixRemake 97;velocity 98;FuncMatrix 98;FuncMatrixRemake 98;velocity 99;FuncMatrix 99;FuncMatrixRemake 99
0;-0.000538627;0.000953863;0.000953863;-0.000804581;0.001034321;0.001034321;-0.001205806;0.001154902;0.001154902;-0.001807463;0.001335648;0.001335648;-0.002708167;0.001606465;0.001606465;-0.004055308;0.002011995;0.002011995;-0.006068758;0.002618871;0.002618871;-0.009076293;0.0035265;0.0035265;-0.013566336;0.004883134;0.004883134;-0.02026642;0.006909776;0.006909776;-0.030259893;0.009935765;0.009935765;-0.045159446;0.01445171;0.01445171;-0.06736509;0.021188219;0.021188219;-0.100447586;0.031232978;0.031232978;-0.149718255;0.046204803;0.046204803;-0.223075598;0.068512363;0.068512363;-0.332263019;0.101738665;0.101738665;-0.494736977;0.151212362;0.151212362;-0.736441442;0.224856507;0.224856507;-1.095927817;0.334449288;0.334449288;-1.630471986;0.497496487;0.497496487;-2.425155586;0.740012045;0.740012045;-3.606346351;1.100646681;1.100646681;-5.361706454;1.636817326;1.636817326;-7.969887086;2.433806035;2.433806035;-11.84459441;3.618265476;3.618265476;-17.59997641;5.378263116;5.378263116;-26.14763838;7.993026955;7.993026955;-38.84057504;11.87708446;11.87708446;-57.68669176;17.64575364;17.64575364;-85.66553794;26.21230743;0.001;-0.000494226;0.001049423;0.001049423;-0.000733759;0.001122799;0.001122799;-0.00108928;0.001231727;0.001231727;-0.001616913;0.001393418;0.001393418;-0.002399913;0.001633409;0.001633409;-0.003561784;0.001989588;0.001989588;-0.005285718;0.002518159;0.002518159;-0.007843436;0.003302503;0.003302503;-0.011637935;0.004466296;0.004466296;-0.01726689;0.006192985;0.006192985;-0.02561665;0.00875465;0.00875465;-0.038001594;0.01255481;0.01255481;-0.056370749;0.018191885;0.018191885;-0.083614092;0.026553294;0.026553294;-0.124016632;0.038954957;0.038954957;-0.18393155;0.057348112;0.057348112;-0.272778017;0.084625914;0.084625914;-0.404520273;0.125077941;0.125077941;-0.599859995;0.185063941;0.185063941;-0.889485851;0.274012526;0.274012526;-1.318889873;0.405901513;0.405901513;-1.95550592;0.601452105;0.601452105;-2.899289461;0.891381051;0.0011;-0.000490918;0.001149092;0.001149092;-0.000727794;0.001221871;0.001221871;-0.001078932;0.001329764;0.001329764;-0.001599434;0.001489708;0.001489708;-0.002370967;0.001726804;0.001726804;-0.003514569;0.002078261;0.002078261;-0.00520962;0.002599223;0.002599223;-0.007721967;0.00337142;0.00337142;-0.011445584;0.004515978;0.004515978;-0.016964316;0.00621241;0.00621241;-0.025143369;0.008726747;0.008726747;-0.03726487;0.012453234;0.012453234;-0.055228728;0.017976107;0.017976107;-0.081850258;0.026161132;0.026161132;-0.121301147;0.038291247;0.038291247;-0.179762818;0.056267529;0.056267529;-0.266394459;0.082906975;0.082906975;-0.39476724;0.122383699;0.122383699;-0.584989214;0.18088262;0.18088262;-0.866853428;0.267567963;0.267567963;-1.284501929;0.396018156;0.396018156;-1.903335456;0.586351702;0.586351702;-2.820249979;0.868376699;0.868376699;-4.178801646;1.286256864;1.286256864;-6.191672597;1.905424124;0.0012;-0.000489663;0.001248966;0.001248966;-0.000725501;0.001321516;0.001321516;-0.001074912;0.001429008;0.001429008;-0.001592581;0.001588266;0.001588266;-0.002359521;0.001824218;0.001824218;-0.003495748;0.002173793;0.002173793;-0.005179052;0.002691698;0.002691698;-0.007672811;0.003458979;0.003458979;-0.011367183;0.004595697;0.004595697;-0.016840129;0.00627971;0.00627971;-0.024947801;0.00877449;0.00877449;-0.036958427;0.012470333;0.012470333;-0.054750632;0.017945396;0.017945396;-0.081107186;0.026056115;0.026056115;-0.1201501;0.038071125;0.038071125;-0.177985094;0.055869634;0.055869634;-0.263656146;0.082235249;0.082235249;-0.390559327;0.121291181;0.121291181;-0.57853688;0.179144869;0.179144869;-0.856978805;0.26484275;0.26484275;-1.269416622;0.391784412;0.391784412
1;-1.14E-05;0.000801141;0.000801141;-2.02E-05;0.000803163;0.000803163;-3.07E-05;0.00080623;0.00080623;-4.53E-05;0.000810757;0.000810757;-6.65E-05;0.000817404;0.000817404;-9.75E-05;0.00082715;0.00082715;-0.000142886;0.000841439;0.000841439;-0.000209518;0.000862391;0.000862391;-0.000307322;0.000893123;0.000893123;-0.000450946;0.000938218;0.000938218;-0.000661945;0.001004412;0.001004412;-0.000972049;0.001101617;0.001101617;-0.001427978;0.001244415;0.001244415;-0.002098551;0.00145427;0.00145427;-0.003085166;0.001762787;0.001762787;-0.004537268;0.002216513;0.002216513;-0.006675173;0.002884031;0.002884031;-0.009823769;0.003866408;0.003866408;-0.014462258;0.005312633;0.005312633;-0.021297624;0.007442396;0.007442396;-0.031373131;0.010579709;0.010579709;-0.046228602;0.015202569;0.015202569;-0.068137214;0.02201629;0.02201629;-0.100455382;0.032061829;0.032061829;-0.148139833;0.046875812;0.046875812;-0.218511833;0.068726995;0.068726995;-0.322386832;0.100965678;0.100965678;-0.475744471;0.148540126;0.148540126;-0.70219763;0.218759889;0.218759889;-1.036643235;0.322424212;0.322424212;-1.530660884;0.4754903;0.0009;-8.78E-06;0.000900878;0.000900878;-1.30E-05;0.000902176;0.000902176;-1.92E-05;0.000904094;0.000904094;-2.84E-05;0.00090693;0.00090693;-4.19E-05;0.000911123;0.000911123;-6.20E-05;0.000917323;0.000917323;-9.17E-05;0.000926492;0.000926492;-0.0001356;0.000940052;0.000940052;-0.000200553;0.000960108;0.000960108;-0.000296636;0.000989771;0.000989771;-0.000438778;0.001033649;0.001033649;-0.000649066;0.001098555;0.001098555;-0.000960188;0.001194574;0.001194574;-0.001420511;0.001336625;0.001336625;-0.002101616;0.001546787;0.001546787;-0.003109433;0.00185773;0.00185773;-0.004600734;0.002317804;0.002317804;-0.006807539;0.002998557;0.002998557;-0.01007324;0.004005881;0.004005881;-0.014906079;0.005496489;0.005496489;-0.022058294;0.007702319;0.007702319;-0.032643283;0.010966647;0.010966647;-0.048309034;0.015797551;0.001;-8.17E-06;0.001000817;0.001000817;-1.21E-05;0.001002025;0.001002025;-1.79E-05;0.001003814;0.001003814;-2.65E-05;0.001006462;0.001006462;-3.92E-05;0.001010383;0.001010383;-5.80E-05;0.001016187;0.001016187;-8.59E-05;0.001024778;0.001024778;-0.000127196;0.001037498;0.001037498;-0.000188304;0.001056328;0.001056328;-0.000278771;0.001084206;0.001084206;-0.000412704;0.001125476;0.001125476;-0.000610987;0.001186575;0.001186575;-0.000904537;0.001277028;0.001277028;-0.001339128;0.001410941;0.001410941;-0.001982529;0.001609194;0.001609194;-0.002935068;0.001902701;0.001902701;-0.004345282;0.002337229;0.002337229;-0.006433078;0.002980537;0.002980537;-0.009524024;0.003932939;0.003932939;-0.014100123;0.005342951;0.005342951;-0.020874977;0.007430449;0.007430449;-0.030905064;0.010520956;0.010520956;-0.045754492;0.015096405;0.015096405;-0.067738905;0.021870295;0.021870295;-0.100286587;0.031898954;0.0011;-7.92E-06;0.001100792;0.001100792;-1.17E-05;0.001101966;0.001101966;-1.74E-05;0.001103703;0.001103703;-2.57E-05;0.001106275;0.001106275;-3.81E-05;0.001110083;0.001110083;-5.64E-05;0.001115721;0.001115721;-8.35E-05;0.00112407;0.00112407;-0.000123604;0.00113643;0.00113643;-0.000183008;0.001154731;0.001154731;-0.00027096;0.001181827;0.001181827;-0.00040118;0.001221945;0.001221945;-0.000593978;0.001281343;0.001281343;-0.000879429;0.001369285;0.001369285;-0.001302053;0.001499491;0.001499491;-0.001927768;0.001692268;0.001692268;-0.002854165;0.001977684;0.001977684;-0.004225728;0.002400257;0.002400257;-0.006256365;0.003025893;0.003025893;-0.009262768;0.00395217;0.00395217;-0.013713796;0.00532355;0.00532355;-0.020303585;0.007353908;0.007353908
2;-6.15E-06;0.000700615;0.000700615;-8.23E-06;0.000701437;0.000701437;-8.82E-06;0.00070232;0.00070232;-9.05E-06;0.000703224;0.000703224;-9.24E-06;0.000704149;0.000704149;-9.56E-06;0.000705105;0.000705105;-1.01E-05;0.000706116;0.000706116;-1.10E-05;0.000707214;0.000707214;-1.24E-05;0.000708451;0.000708451;-1.44E-05;0.000709895;0.000709895;-1.75E-05;0.00071165;0.00071165;-2.21E-05;0.000713863;0.000713863;-2.89E-05;0.000716749;0.000716749;-3.87E-05;0.000720617;0.000720617;-5.30E-05;0.000725921;0.000725921;-7.40E-05;0.000733317;0.000733317;-0.000104468;0.000743764;0.000743764;-0.000148959;0.00075866;0.00075866;-0.000213867;0.000780046;0.000780046;-0.000308611;0.000810907;0.000810907;-0.000446988;0.000855606;0.000855606;-0.000649222;0.000920528;0.000920528;-0.000944973;0.001015026;0.001015026;-0.001377761;0.001152802;0.001152802;-0.002011475;0.001353949;0.001353949;-0.002939951;0.001647944;0.001647944;-0.004301076;0.002078052;0.002078052;-0.006297545;0.002707806;0.002707806;-0.009227445;0.003630551;0.003630551;-0.01352931;0.004983482;0.004983482;-0.019848523;0.006968334;0.0008;-6.22E-06;0.000800622;0.000800622;-6.21E-06;0.000801242;0.000801242;-6.22E-06;0.000801865;0.000801865;-6.28E-06;0.000802492;0.000802492;-6.39E-06;0.000803131;0.000803131;-6.58E-06;0.00080379;0.00080379;-6.90E-06;0.000804479;0.000804479;-7.38E-06;0.000805218;0.000805218;-8.13E-06;0.000806031;0.000806031;-9.27E-06;0.000806957;0.000806957;-1.10E-05;0.000808053;0.000808053;-1.35E-05;0.000809402;0.000809402;-1.72E-05;0.000811126;0.000811126;-2.28E-05;0.000813405;0.000813405;-3.10E-05;0.000816507;0.000816507;-4.32E-05;0.000820827;0.000820827;-6.12E-05;0.000826945;0.000826945;-8.78E-05;0.000835722;0.000835722;-0.000127044;0.000848426;0.000848426;-0.000185073;0.000866933;0.000866933;-0.000270804;0.000894014;0.000894014;-0.000397465;0.00093376;0.00093376;-0.000584603;0.00099222;0.0009;-5.82E-06;0.000900582;0.000900582;-5.82E-06;0.000901164;0.000901164;-5.85E-06;0.000901748;0.000901748;-5.91E-06;0.000902339;0.000902339;-6.02E-06;0.000902942;0.000902942;-6.20E-06;0.000903562;0.000903562;-6.49E-06;0.000904211;0.000904211;-6.94E-06;0.000904906;0.000904906;-7.63E-06;0.000905669;0.000905669;-8.66E-06;0.000906534;0.000906534;-1.02E-05;0.000907554;0.000907554;-1.25E-05;0.000908803;0.000908803;-1.59E-05;0.000910393;0.000910393;-2.10E-05;0.000912489;0.000912489;-2.85E-05;0.000915337;0.000915337;-3.96E-05;0.000919296;0.000919296;-5.61E-05;0.000924902;0.000924902;-8.04E-05;0.000932945;0.000932945;-0.000116492;0.000944594;0.000944594;-0.00016985;0.000961579;0.000961579;-0.000248793;0.000986459;0.000986459;-0.000365583;0.001023017;0.001023017;-0.00053836;0.001076853;0.001076853;-0.000793959;0.001156249;0.001156249;-0.001172083;0.001273457;0.001;-5.65E-06;0.001000565;0.001000565;-5.66E-06;0.001001132;0.001001132;-5.69E-06;0.001001701;0.001001701;-5.75E-06;0.001002276;0.001002276;-5.86E-06;0.001002863;0.001002863;-6.04E-06;0.001003467;0.001003467;-6.32E-06;0.001004099;0.001004099;-6.75E-06;0.001004774;0.001004774;-7.40E-06;0.001005514;0.001005514;-8.39E-06;0.001006353;0.001006353;-9.85E-06;0.001007338;0.001007338;-1.20E-05;0.001008543;0.001008543;-1.53E-05;0.001010073;0.001010073;-2.01E-05;0.001012087;0.001012087;-2.73E-05;0.001014817;0.001014817;-3.79E-05;0.001018611;0.001018611;-5.37E-05;0.001023978;0.001023978;-7.70E-05;0.001031675;0.001031675;-0.000111477;0.001042823;0.001042823;-0.000162544;0.001059078;0.001059078;-0.000238126;0.00108289;0.00108289
3;-3.53E-06;0.000600353;0.000600353;-5.32E-06;0.000600885;0.000600885;-6.01E-06;0.000601486;0.000601486;-6.24E-06;0.00060211;0.00060211;-6.28E-06;0.000602738;0.000602738;-6.24E-06;0.000603362;0.000603362;-6.18E-06;0.00060398;0.00060398;-6.11E-06;0.000604591;0.000604591;-6.05E-06;0.000605196;0.000605196;-5.99E-06;0.000605795;0.000605795;-5.95E-06;0.00060639;0.00060639;-5.94E-06;0.000606984;0.000606984;-5.95E-06;0.000607579;0.000607579;-6.00E-06;0.000608179;0.000608179;-6.11E-06;0.00060879;0.00060879;-6.29E-06;0.000609419;0.000609419;-6.58E-06;0.000610077;0.000610077;-7.03E-06;0.00061078;0.00061078;-7.70E-06;0.00061155;0.00061155;-8.70E-06;0.00061242;0.00061242;-1.02E-05;0.000613435;0.000613435;-1.23E-05;0.000614664;0.000614664;-1.54E-05;0.000616205;0.000616205;-1.99E-05;0.000618199;0.000618199;-2.65E-05;0.000620853;0.000620853;-3.62E-05;0.000624469;0.000624469;-5.02E-05;0.000629487;0.000629487;-7.06E-05;0.000636547;0.000636547;-0.000100393;0.000646587;0.000646587;-0.000143872;0.000660974;0.000660974;-0.000207374;0.000681711;0.0007;-4.77E-06;0.000700477;0.000700477;-4.77E-06;0.000700954;0.000700954;-4.76E-06;0.00070143;0.00070143;-4.75E-06;0.000701905;0.000701905;-4.74E-06;0.000702379;0.000702379;-4.74E-06;0.000702853;0.000702853;-4.73E-06;0.000703325;0.000703325;-4.72E-06;0.000703798;0.000703798;-4.72E-06;0.00070427;0.00070427;-4.73E-06;0.000704743;0.000704743;-4.73E-06;0.000705216;0.000705216;-4.75E-06;0.000705691;0.000705691;-4.78E-06;0.000706169;0.000706169;-4.82E-06;0.000706651;0.000706651;-4.89E-06;0.000707141;0.000707141;-5.00E-06;0.000707641;0.000707641;-5.17E-06;0.000708158;0.000708158;-5.41E-06;0.000708699;0.000708699;-5.77E-06;0.000709276;0.000709276;-6.31E-06;0.000709908;0.000709908;-7.11E-06;0.000710619;0.000710619;-8.29E-06;0.000711448;0.000711448;-1.00E-05;0.000712451;0.0008;-4.51E-06;0.000800451;0.000800451;-4.51E-06;0.000800901;0.000800901;-4.51E-06;0.000801352;0.000801352;-4.51E-06;0.000801802;0.000801802;-4.51E-06;0.000802253;0.000802253;-4.51E-06;0.000802704;0.000802704;-4.51E-06;0.000803155;0.000803155;-4.51E-06;0.000803606;0.000803606;-4.52E-06;0.000804058;0.000804058;-4.53E-06;0.000804511;0.000804511;-4.54E-06;0.000804965;0.000804965;-4.56E-06;0.000805421;0.000805421;-4.59E-06;0.000805881;0.000805881;-4.64E-06;0.000806344;0.000806344;-4.71E-06;0.000806815;0.000806815;-4.81E-06;0.000807296;0.000807296;-4.95E-06;0.000807791;0.000807791;-5.18E-06;0.000808309;0.000808309;-5.50E-06;0.000808859;0.000808859;-5.99E-06;0.000809458;0.000809458;-6.71E-06;0.000810128;0.000810128;-7.77E-06;0.000810905;0.000810905;-9.33E-06;0.000811838;0.000811838;-1.17E-05;0.000813003;0.000813003;-1.51E-05;0.000814511;0.0009;-4.39E-06;0.000900439;0.000900439;-4.39E-06;0.000900878;0.000900878;-4.39E-06;0.000901318;0.000901318;-4.40E-06;0.000901757;0.000901757;-4.40E-06;0.000902198;0.000902198;-4.40E-06;0.000902638;0.000902638;-4.41E-06;0.000903079;0.000903079;-4.41E-06;0.00090352;0.00090352;-4.42E-06;0.000903963;0.000903963;-4.43E-06;0.000904406;0.000904406;-4.45E-06;0.000904851;0.000904851;-4.47E-06;0.000905298;0.000905298;-4.50E-06;0.000905747;0.000905747;-4.54E-06;0.000906202;0.000906202;-4.61E-06;0.000906663;0.000906663;-4.70E-06;0.000907133;0.000907133;-4.85E-06;0.000907618;0.000907618;-5.06E-06;0.000908123;0.000908123;-5.37E-06;0.00090866;0.00090866;-5.82E-06;0.000909242;0.000909242;-6.50E-06;0.000909892;0.000909892
4;-2.08E-06;0.000500208;0.000500208;-3.52E-06;0.00050056;0.00050056;-4.21E-06;0.000500981;0.000500981;-4.51E-06;0.000501432;0.000501432;-4.62E-06;0.000501895;0.000501895;-4.64E-06;0.000502359;0.000502359;-4.63E-06;0.000502822;0.000502822;-4.60E-06;0.000503282;0.000503282;-4.56E-06;0.000503737;0.000503737;-4.52E-06;0.000504189;0.000504189;-4.48E-06;0.000504636;0.000504636;-4.44E-06;0.00050508;0.00050508;-4.40E-06;0.00050552;0.00050552;-4.36E-06;0.000505957;0.000505957;-4.33E-06;0.00050639;0.00050639;-4.30E-06;0.00050682;0.00050682;-4.28E-06;0.000507248;0.000507248;-4.25E-06;0.000507673;0.000507673;-4.23E-06;0.000508097;0.000508097;-4.22E-06;0.000508519;0.000508519;-4.21E-06;0.00050894;0.00050894;-4.21E-06;0.00050936;0.00050936;-4.22E-06;0.000509782;0.000509782;-4.24E-06;0.000510206;0.000510206;-4.28E-06;0.000510633;0.000510633;-4.34E-06;0.000511067;0.000511067;-4.45E-06;0.000511512;0.000511512;-4.60E-06;0.000511972;0.000511972;-4.84E-06;0.000512456;0.000512456;-5.19E-06;0.000512976;0.000512976;-5.71E-06;0.000513546;0.0006;-3.84E-06;0.000600384;0.000600384;-3.84E-06;0.000600768;0.000600768;-3.84E-06;0.000601151;0.000601151;-3.83E-06;0.000601534;0.000601534;-3.83E-06;0.000601917;0.000601917;-3.82E-06;0.000602299;0.000602299;-3.81E-06;0.00060268;0.00060268;-3.81E-06;0.000603061;0.000603061;-3.80E-06;0.000603441;0.000603441;-3.79E-06;0.00060382;0.00060382;-3.79E-06;0.000604199;0.000604199;-3.78E-06;0.000604578;0.000604578;-3.78E-06;0.000604956;0.000604956;-3.78E-06;0.000605333;0.000605333;-3.77E-06;0.00060571;0.00060571;-3.77E-06;0.000606087;0.000606087;-3.77E-06;0.000606464;0.000606464;-3.76E-06;0.00060684;0.00060684;-3.76E-06;0.000607217;0.000607217;-3.77E-06;0.000607593;0.000607593;-3.77E-06;0.00060797;0.00060797;-3.77E-06;0.000608348;0.000608348;-3.79E-06;0.000608726;0.0007;-3.67E-06;0.000700367;0.000700367;-3.67E-06;0.000700733;0.000700733;-3.67E-06;0.0007011;0.0007011;-3.67E-06;0.000701466;0.000701466;-3.67E-06;0.000701833;0.000701833;-3.66E-06;0.000702199;0.000702199;-3.66E-06;0.000702566;0.000702566;-3.66E-06;0.000702932;0.000702932;-3.66E-06;0.000703298;0.000703298;-3.66E-06;0.000703664;0.000703664;-3.66E-06;0.00070403;0.00070403;-3.66E-06;0.000704396;0.000704396;-3.66E-06;0.000704762;0.000704762;-3.66E-06;0.000705128;0.000705128;-3.66E-06;0.000705494;0.000705494;-3.66E-06;0.00070586;0.00070586;-3.66E-06;0.000706226;0.000706226;-3.66E-06;0.000706593;0.000706593;-3.66E-06;0.000706959;0.000706959;-3.67E-06;0.000707326;0.000707326;-3.67E-06;0.000707693;0.000707693;-3.68E-06;0.000708061;0.000708061;-3.69E-06;0.000708431;0.000708431;-3.71E-06;0.000708802;0.000708802;-3.74E-06;0.000709175;0.0008;-3.58E-06;0.000800358;0.000800358;-3.58E-06;0.000800717;0.000800717;-3.58E-06;0.000801075;0.000801075;-3.59E-06;0.000801434;0.000801434;-3.59E-06;0.000801792;0.000801792;-3.59E-06;0.000802151;0.000802151;-3.59E-06;0.00080251;0.00080251;-3.59E-06;0.000802869;0.000802869;-3.59E-06;0.000803228;0.000803228;-3.59E-06;0.000803587;0.000803587;-3.59E-06;0.000803946;0.000803946;-3.59E-06;0.000804306;0.000804306;-3.59E-06;0.000804665;0.000804665;-3.60E-06;0.000805025;0.000805025;-3.60E-06;0.000805385;0.000805385;-3.60E-06;0.000805744;0.000805744;-3.60E-06;0.000806104;0.000806104;-3.60E-06;0.000806465;0.000806465;-3.61E-06;0.000806825;0.000806825;-3.61E-06;0.000807187;0.000807187;-3.62E-06;0.000807548;0.000807548
5;-1.23E-06;0.000400123;0.000400123;-2.32E-06;0.000400356;0.000400356;-2.95E-06;0.000400651;0.000400651;-3.27E-06;0.000400978;0.000400978;-3.42E-06;0.00040132;0.00040132;-3.48E-06;0.000401668;0.000401668;-3.51E-06;0.000402019;0.000402019;-3.51E-06;0.00040237;0.00040237;-3.50E-06;0.00040272;0.00040272;-3.49E-06;0.00040307;0.00040307;-3.48E-06;0.000403417;0.000403417;-3.47E-06;0.000403764;0.000403764;-3.45E-06;0.000404109;0.000404109;-3.44E-06;0.000404453;0.000404453;-3.42E-06;0.000404795;0.000404795;-3.41E-06;0.000405136;0.000405136;-3.40E-06;0.000405476;0.000405476;-3.39E-06;0.000405815;0.000405815;-3.38E-06;0.000406153;0.000406153;-3.36E-06;0.000406489;0.000406489;-3.35E-06;0.000406825;0.000406825;-3.35E-06;0.000407159;0.000407159;-3.34E-06;0.000407493;0.000407493;-3.33E-06;0.000407825;0.000407825;-3.32E-06;0.000408157;0.000408157;-3.31E-06;0.000408489;0.000408489;-3.31E-06;0.000408819;0.000408819;-3.30E-06;0.000409149;0.000409149;-3.30E-06;0.000409479;0.000409479;-3.29E-06;0.000409808;0.000409808;-3.29E-06;0.000410137;0.0005;-3.18E-06;0.000500318;0.000500318;-3.19E-06;0.000500637;0.000500637;-3.19E-06;0.000500955;0.000500955;-3.19E-06;0.000501274;0.000501274;-3.18E-06;0.000501593;0.000501593;-3.18E-06;0.000501911;0.000501911;-3.18E-06;0.000502228;0.000502228;-3.17E-06;0.000502546;0.000502546;-3.17E-06;0.000502863;0.000502863;-3.16E-06;0.000503179;0.000503179;-3.16E-06;0.000503495;0.000503495;-3.16E-06;0.000503811;0.000503811;-3.15E-06;0.000504126;0.000504126;-3.15E-06;0.000504441;0.000504441;-3.15E-06;0.000504756;0.000504756;-3.14E-06;0.000505071;0.000505071;-3.14E-06;0.000505385;0.000505385;-3.14E-06;0.000505699;0.000505699;-3.14E-06;0.000506012;0.000506012;-3.13E-06;0.000506326;0.000506326;-3.13E-06;0.000506639;0.000506639;-3.13E-06;0.000506952;0.000506952;-3.13E-06;0.000507265;0.0006;-3.08E-06;0.000600308;0.000600308;-3.08E-06;0.000600616;0.000600616;-3.08E-06;0.000600925;0.000600925;-3.08E-06;0.000601233;0.000601233;-3.08E-06;0.000601541;0.000601541;-3.08E-06;0.000601849;0.000601849;-3.08E-06;0.000602157;0.000602157;-3.08E-06;0.000602465;0.000602465;-3.08E-06;0.000602773;0.000602773;-3.08E-06;0.000603081;0.000603081;-3.08E-06;0.000603388;0.000603388;-3.08E-06;0.000603696;0.000603696;-3.07E-06;0.000604003;0.000604003;-3.07E-06;0.000604311;0.000604311;-3.07E-06;0.000604618;0.000604618;-3.07E-06;0.000604925;0.000604925;-3.07E-06;0.000605232;0.000605232;-3.07E-06;0.000605539;0.000605539;-3.07E-06;0.000605846;0.000605846;-3.07E-06;0.000606153;0.000606153;-3.07E-06;0.00060646;0.00060646;-3.07E-06;0.000606767;0.000606767;-3.07E-06;0.000607074;0.000607074;-3.07E-06;0.000607381;0.000607381;-3.07E-06;0.000607687;0.0007;-3.02E-06;0.000700302;0.000700302;-3.02E-06;0.000700605;0.000700605;-3.02E-06;0.000700907;0.000700907;-3.02E-06;0.000701209;0.000701209;-3.02E-06;0.000701512;0.000701512;-3.02E-06;0.000701814;0.000701814;-3.03E-06;0.000702117;0.000702117;-3.03E-06;0.000702419;0.000702419;-3.03E-06;0.000702722;0.000702722;-3.03E-06;0.000703024;0.000703024;-3.03E-06;0.000703327;0.000703327;-3.03E-06;0.00070363;0.00070363;-3.03E-06;0.000703932;0.000703932;-3.03E-06;0.000704235;0.000704235;-3.03E-06;0.000704537;0.000704537;-3.03E-06;0.00070484;0.00070484;-3.03E-06;0.000705143;0.000705143;-3.03E-06;0.000705445;0.000705445;-3.03E-06;0.000705748;0.000705748;-3.03E-06;0.000706051;0.000706051;-3.03E-06;0.000706353;0.000706353
6;-7.10E-07;0.000300071;0.000300071;-1.51E-06;0.000300222;0.000300222;-2.03E-06;0.000300425;0.000300425;-2.33E-06;0.000300658;0.000300658;-2.49E-06;0.000300907;0.000300907;-2.58E-06;0.000301165;0.000301165;-2.63E-06;0.000301428;0.000301428;-2.67E-06;0.000301695;0.000301695;-2.69E-06;0.000301964;0.000301964;-2.70E-06;0.000302234;0.000302234;-2.71E-06;0.000302505;0.000302505;-2.72E-06;0.000302777;0.000302777;-2.73E-06;0.00030305;0.00030305;-2.73E-06;0.000303323;0.000303323;-2.74E-06;0.000303597;0.000303597;-2.74E-06;0.000303871;0.000303871;-2.74E-06;0.000304145;0.000304145;-2.74E-06;0.000304419;0.000304419;-2.75E-06;0.000304694;0.000304694;-2.75E-06;0.000304969;0.000304969;-2.75E-06;0.000305243;0.000305243;-2.75E-06;0.000305518;0.000305518;-2.75E-06;0.000305793;0.000305793;-2.75E-06;0.000306068;0.000306068;-2.75E-06;0.000306342;0.000306342;-2.75E-06;0.000306617;0.000306617;-2.75E-06;0.000306892;0.000306892;-2.75E-06;0.000307166;0.000307166;-2.75E-06;0.000307441;0.000307441;-2.74E-06;0.000307715;0.000307715;-2.74E-06;0.00030799;0.0004;-2.69E-06;0.000400269;0.000400269;-2.70E-06;0.000400538;0.000400538;-2.71E-06;0.000400809;0.000400809;-2.71E-06;0.00040108;0.00040108;-2.71E-06;0.000401351;0.000401351;-2.71E-06;0.000401621;0.000401621;-2.71E-06;0.000401892;0.000401892;-2.70E-06;0.000402162;0.000402162;-2.70E-06;0.000402433;0.000402433;-2.70E-06;0.000402702;0.000402702;-2.70E-06;0.000402972;0.000402972;-2.70E-06;0.000403242;0.000403242;-2.69E-06;0.000403511;0.000403511;-2.69E-06;0.00040378;0.00040378;-2.69E-06;0.000404049;0.000404049;-2.69E-06;0.000404318;0.000404318;-2.69E-06;0.000404587;0.000404587;-2.69E-06;0.000404856;0.000404856;-2.68E-06;0.000405124;0.000405124;-2.68E-06;0.000405392;0.000405392;-2.68E-06;0.00040566;0.00040566;-2.68E-06;0.000405928;0.000405928;-2.68E-06;0.000406196;0.0005;-2.65E-06;0.000500265;0.000500265;-2.65E-06;0.00050053;0.00050053;-2.65E-06;0.000500795;0.000500795;-2.65E-06;0.000501061;0.000501061;-2.65E-06;0.000501326;0.000501326;-2.65E-06;0.000501591;0.000501591;-2.65E-06;0.000501856;0.000501856;-2.65E-06;0.000502122;0.000502122;-2.65E-06;0.000502387;0.000502387;-2.65E-06;0.000502651;0.000502651;-2.65E-06;0.000502916;0.000502916;-2.65E-06;0.000503181;0.000503181;-2.65E-06;0.000503446;0.000503446;-2.65E-06;0.00050371;0.00050371;-2.64E-06;0.000503975;0.000503975;-2.64E-06;0.000504239;0.000504239;-2.64E-06;0.000504503;0.000504503;-2.64E-06;0.000504768;0.000504768;-2.64E-06;0.000505032;0.000505032;-2.64E-06;0.000505296;0.000505296;-2.64E-06;0.00050556;0.00050556;-2.64E-06;0.000505824;0.000505824;-2.64E-06;0.000506088;0.000506088;-2.64E-06;0.000506352;0.000506352;-2.64E-06;0.000506616;0.0006;-2.61E-06;0.000600261;0.000600261;-2.61E-06;0.000600522;0.000600522;-2.61E-06;0.000600783;0.000600783;-2.61E-06;0.000601045;0.000601045;-2.61E-06;0.000601306;0.000601306;-2.61E-06;0.000601567;0.000601567;-2.61E-06;0.000601828;0.000601828;-2.61E-06;0.000602089;0.000602089;-2.61E-06;0.000602351;0.000602351;-2.61E-06;0.000602612;0.000602612;-2.61E-06;0.000602873;0.000602873;-2.61E-06;0.000603134;0.000603134;-2.61E-06;0.000603395;0.000603395;-2.61E-06;0.000603656;0.000603656;-2.61E-06;0.000603917;0.000603917;-2.61E-06;0.000604178;0.000604178;-2.61E-06;0.000604439;0.000604439;-2.61E-06;0.0006047;0.0006047;-2.61E-06;0.000604961;0.000604961;-2.61E-06;0.000605222;0.000605222;-2.61E-06;0.000605483;0.000605483
7;-3.64E-07;0.000200036;0.000200036;-9.34E-07;0.00020013;0.00020013;-1.33E-06;0.000200263;0.000200263;-1.59E-06;0.000200422;0.000200422;-1.75E-06;0.000200597;0.000200597;-1.85E-06;0.000200782;0.000200782;-1.93E-06;0.000200974;0.000200974;-1.98E-06;0.000201173;0.000201173;-2.03E-06;0.000201375;0.000201375;-2.06E-06;0.000201582;0.000201582;-2.09E-06;0.000201791;0.000201791;-2.12E-06;0.000202003;0.000202003;-2.15E-06;0.000202218;0.000202218;-2.17E-06;0.000202435;0.000202435;-2.19E-06;0.000202653;0.000202653;-2.20E-06;0.000202874;0.000202874;-2.22E-06;0.000203096;0.000203096;-2.23E-06;0.000203319;0.000203319;-2.25E-06;0.000203544;0.000203544;-2.26E-06;0.00020377;0.00020377;-2.27E-06;0.000203997;0.000203997;-2.28E-06;0.000204225;0.000204225;-2.29E-06;0.000204454;0.000204454;-2.30E-06;0.000204683;0.000204683;-2.30E-06;0.000204913;0.000204913;-2.31E-06;0.000205144;0.000205144;-2.31E-06;0.000205376;0.000205376;-2.32E-06;0.000205608;0.000205608;-2.32E-06;0.00020584;0.00020584;-2.33E-06;0.000206073;0.000206073;-2.33E-06;0.000206306;0.0003;-2.30E-06;0.00030023;0.00030023;-2.32E-06;0.000300462;0.000300462;-2.33E-06;0.000300695;0.000300695;-2.34E-06;0.000300929;0.000300929;-2.34E-06;0.000301162;0.000301162;-2.34E-06;0.000301396;0.000301396;-2.34E-06;0.00030163;0.00030163;-2.34E-06;0.000301864;0.000301864;-2.34E-06;0.000302098;0.000302098;-2.34E-06;0.000302332;0.000302332;-2.34E-06;0.000302566;0.000302566;-2.34E-06;0.0003028;0.0003028;-2.34E-06;0.000303034;0.000303034;-2.34E-06;0.000303268;0.000303268;-2.34E-06;0.000303502;0.000303502;-2.34E-06;0.000303736;0.000303736;-2.34E-06;0.000303969;0.000303969;-2.34E-06;0.000304203;0.000304203;-2.34E-06;0.000304437;0.000304437;-2.34E-06;0.000304671;0.000304671;-2.34E-06;0.000304904;0.000304904;-2.34E-06;0.000305138;0.000305138;-2.34E-06;0.000305371;0.0004;-2.32E-06;0.000400232;0.000400232;-2.32E-06;0.000400464;0.000400464;-2.32E-06;0.000400696;0.000400696;-2.32E-06;0.000400928;0.000400928;-2.32E-06;0.00040116;0.00040116;-2.32E-06;0.000401393;0.000401393;-2.32E-06;0.000401625;0.000401625;-2.32E-06;0.000401857;0.000401857;-2.32E-06;0.000402089;0.000402089;-2.32E-06;0.000402321;0.000402321;-2.32E-06;0.000402553;0.000402553;-2.32E-06;0.000402785;0.000402785;-2.32E-06;0.000403017;0.000403017;-2.32E-06;0.000403249;0.000403249;-2.32E-06;0.000403481;0.000403481;-2.32E-06;0.000403713;0.000403713;-2.32E-06;0.000403944;0.000403944;-2.32E-06;0.000404176;0.000404176;-2.32E-06;0.000404407;0.000404407;-2.32E-06;0.000404639;0.000404639;-2.31E-06;0.00040487;0.00040487;-2.31E-06;0.000405102;0.000405102;-2.31E-06;0.000405333;0.000405333;-2.31E-06;0.000405565;0.000405565;-2.31E-06;0.000405796;0.0005;-2.29E-06;0.000500229;0.000500229;-2.29E-06;0.000500459;0.000500459;-2.30E-06;0.000500688;0.000500688;-2.30E-06;0.000500918;0.000500918;-2.30E-06;0.000501148;0.000501148;-2.30E-06;0.000501377;0.000501377;-2.30E-06;0.000501607;0.000501607;-2.30E-06;0.000501836;0.000501836;-2.30E-06;0.000502066;0.000502066;-2.30E-06;0.000502295;0.000502295;-2.29E-06;0.000502525;0.000502525;-2.29E-06;0.000502754;0.000502754;-2.29E-06;0.000502984;0.000502984;-2.29E-06;0.000503213;0.000503213;-2.29E-06;0.000503443;0.000503443;-2.29E-06;0.000503672;0.000503672;-2.29E-06;0.000503901;0.000503901;-2.29E-06;0.00050413;0.00050413;-2.29E-06;0.00050436;0.00050436;-2.29E-06;0.000504589;0.000504589;-2.29E-06;0.000504818;0.000504818
8;-1.13E-07;0.000100011;0.000100011;-5.17E-07;0.000100063;0.000100063;-7.89E-07;0.000100142;0.000100142;-9.87E-07;0.000100241;0.000100241;-1.13E-06;0.000100354;0.000100354;-1.25E-06;0.000100479;0.000100479;-1.34E-06;0.000100612;0.000100612;-1.41E-06;0.000100753;0.000100753;-1.47E-06;0.000100901;0.000100901;-1.53E-06;0.000101054;0.000101054;-1.58E-06;0.000101211;0.000101211;-1.62E-06;0.000101374;0.000101374;-1.66E-06;0.00010154;0.00010154;-1.70E-06;0.00010171;0.00010171;-1.73E-06;0.000101884;0.000101884;-1.76E-06;0.00010206;0.00010206;-1.79E-06;0.000102239;0.000102239;-1.82E-06;0.000102421;0.000102421;-1.84E-06;0.000102605;0.000102605;-1.86E-06;0.000102791;0.000102791;-1.88E-06;0.000102979;0.000102979;-1.90E-06;0.000103169;0.000103169;-1.91E-06;0.00010336;0.00010336;-1.93E-06;0.000103553;0.000103553;-1.94E-06;0.000103747;0.000103747;-1.95E-06;0.000103943;0.000103943;-1.97E-06;0.000104139;0.000104139;-1.98E-06;0.000104337;0.000104337;-1.99E-06;0.000104536;0.000104536;-2.00E-06;0.000104735;0.000104735;-2.00E-06;0.000104935;0.0002;-1.98E-06;0.000200198;0.000200198;-2.02E-06;0.0002004;0.0002004;-2.03E-06;0.000200603;0.000200603;-2.04E-06;0.000200807;0.000200807;-2.04E-06;0.000201011;0.000201011;-2.04E-06;0.000201216;0.000201216;-2.05E-06;0.00020142;0.00020142;-2.05E-06;0.000201625;0.000201625;-2.05E-06;0.00020183;0.00020183;-2.05E-06;0.000202035;0.000202035;-2.05E-06;0.000202241;0.000202241;-2.05E-06;0.000202446;0.000202446;-2.06E-06;0.000202652;0.000202652;-2.06E-06;0.000202857;0.000202857;-2.06E-06;0.000203063;0.000203063;-2.06E-06;0.000203269;0.000203269;-2.06E-06;0.000203475;0.000203475;-2.06E-06;0.000203681;0.000203681;-2.06E-06;0.000203887;0.000203887;-2.06E-06;0.000204093;0.000204093;-2.06E-06;0.000204299;0.000204299;-2.06E-06;0.000204506;0.000204506;-2.06E-06;0.000204712;0.0003;-2.05E-06;0.000300205;0.000300205;-2.06E-06;0.000300411;0.000300411;-2.06E-06;0.000300617;0.000300617;-2.06E-06;0.000300823;0.000300823;-2.06E-06;0.000301029;0.000301029;-2.06E-06;0.000301235;0.000301235;-2.06E-06;0.000301441;0.000301441;-2.06E-06;0.000301647;0.000301647;-2.06E-06;0.000301853;0.000301853;-2.06E-06;0.000302059;0.000302059;-2.06E-06;0.000302265;0.000302265;-2.06E-06;0.000302471;0.000302471;-2.06E-06;0.000302677;0.000302677;-2.06E-06;0.000302883;0.000302883;-2.06E-06;0.000303089;0.000303089;-2.06E-06;0.000303295;0.000303295;-2.06E-06;0.000303501;0.000303501;-2.06E-06;0.000303706;0.000303706;-2.06E-06;0.000303912;0.000303912;-2.06E-06;0.000304118;0.000304118;-2.06E-06;0.000304324;0.000304324;-2.06E-06;0.000304529;0.000304529;-2.06E-06;0.000304735;0.000304735;-2.06E-06;0.000304941;0.000304941;-2.06E-06;0.000305146;0.0004;-2.04E-06;0.000400204;0.000400204;-2.04E-06;0.000400409;0.000400409;-2.05E-06;0.000400613;0.000400613;-2.05E-06;0.000400818;0.000400818;-2.05E-06;0.000401022;0.000401022;-2.05E-06;0.000401227;0.000401227;-2.05E-06;0.000401432;0.000401432;-2.05E-06;0.000401636;0.000401636;-2.05E-06;0.000401841;0.000401841;-2.04E-06;0.000402045;0.000402045;-2.04E-06;0.00040225;0.00040225;-2.04E-06;0.000402454;0.000402454;-2.04E-06;0.000402658;0.000402658;-2.04E-06;0.000402863;0.000402863;-2.04E-06;0.000403067;0.000403067;-2.04E-06;0.000403271;0.000403271;-2.04E-06;0.000403476;0.000403476;-2.04E-06;0.00040368;0.00040368;-2.04E-06;0.000403884;0.000403884;-2.04E-06;0.000404088;0.000404088;-2.04E-06;0.000404293;0.000404293
9;-1.00E-07;1.00E-08;1.00E-08;-2.06E-07;3.06E-08;3.06E-08;-3.47E-07;6.53E-08;6.53E-08;-4.87E-07;1.14E-07;1.14E-07;-6.15E-07;1.75E-07;1.75E-07;-7.29E-07;2.48E-07;2.48E-07;-8.31E-07;3.32E-07;3.32E-07;-9.22E-07;4.24E-07;4.24E-07;-1.00E-06;5.24E-07;5.24E-07;-1.08E-06;6.32E-07;6.32E-07;-1.14E-06;7.46E-07;7.46E-07;-1.20E-06;8.66E-07;8.66E-07;-1.26E-06;9.91E-07;9.91E-07;-1.31E-06;1.12E-06;1.12E-06;-1.35E-06;1.26E-06;1.26E-06;-1.39E-06;1.40E-06;1.40E-06;-1.43E-06;1.54E-06;1.54E-06;-1.47E-06;1.69E-06;1.69E-06;-1.50E-06;1.84E-06;1.84E-06;-1.53E-06;1.99E-06;1.99E-06;-1.55E-06;2.14E-06;2.14E-06;-1.58E-06;2.30E-06;2.30E-06;-1.60E-06;2.46E-06;2.46E-06;-1.62E-06;2.62E-06;2.62E-06;-1.64E-06;2.79E-06;2.79E-06;-1.66E-06;2.95E-06;2.95E-06;-1.68E-06;3.12E-06;3.12E-06;-1.69E-06;3.29E-06;3.29E-06;-1.71E-06;3.46E-06;3.46E-06;-1.72E-06;3.63E-06;3.63E-06;-1.73E-06;3.81E-06;0.0001;-1.72E-06;0.000100172;0.000100172;-1.77E-06;0.00010035;0.00010035;-1.78E-06;0.000100528;0.000100528;-1.79E-06;0.000100707;0.000100707;-1.80E-06;0.000100887;0.000100887;-1.80E-06;0.000101067;0.000101067;-1.81E-06;0.000101247;0.000101247;-1.81E-06;0.000101428;0.000101428;-1.81E-06;0.00010161;0.00010161;-1.82E-06;0.000101791;0.000101791;-1.82E-06;0.000101973;0.000101973;-1.82E-06;0.000102155;0.000102155;-1.82E-06;0.000102337;0.000102337;-1.83E-06;0.00010252;0.00010252;-1.83E-06;0.000102703;0.000102703;-1.83E-06;0.000102886;0.000102886;-1.83E-06;0.000103069;0.000103069;-1.83E-06;0.000103252;0.000103252;-1.84E-06;0.000103436;0.000103436;-1.84E-06;0.000103619;0.000103619;-1.84E-06;0.000103803;0.000103803;-1.84E-06;0.000103987;0.000103987;-1.84E-06;0.000104171;0.0002;-1.83E-06;0.000200183;0.000200183;-1.84E-06;0.000200367;0.000200367;-1.85E-06;0.000200552;0.000200552;-1.85E-06;0.000200737;0.000200737;-1.85E-06;0.000200921;0.000200921;-1.85E-06;0.000201106;0.000201106;-1.85E-06;0.000201291;0.000201291;-1.85E-06;0.000201476;0.000201476;-1.85E-06;0.000201661;0.000201661;-1.85E-06;0.000201846;0.000201846;-1.85E-06;0.00020203;0.00020203;-1.85E-06;0.000202215;0.000202215;-1.85E-06;0.0002024;0.0002024;-1.85E-06;0.000202585;0.000202585;-1.85E-06;0.00020277;0.00020277;-1.85E-06;0.000202955;0.000202955;-1.85E-06;0.000203139;0.000203139;-1.85E-06;0.000203324;0.000203324;-1.85E-06;0.000203509;0.000203509;-1.85E-06;0.000203694;0.000203694;-1.85E-06;0.000203879;0.000203879;-1.85E-06;0.000204063;0.000204063;-1.85E-06;0.000204248;0.000204248;-1.85E-06;0.000204433;0.000204433;-1.85E-06;0.000204618;0.0003;-1.84E-06;0.000300184;0.000300184;-1.84E-06;0.000300368;0.000300368;-1.84E-06;0.000300552;0.000300552;-1.84E-06;0.000300736;0.000300736;-1.84E-06;0.000300921;0.000300921;-1.84E-06;0.000301105;0.000301105;-1.84E-06;0.000301289;0.000301289;-1.84E-06;0.000301473;0.000301473;-1.84E-06;0.000301658;0.000301658;-1.84E-06;0.000301842;0.000301842;-1.84E-06;0.000302026;0.000302026;-1.84E-06;0.00030221;0.00030221;-1.84E-06;0.000302394;0.000302394;-1.84E-06;0.000302578;0.000302578;-1.84E-06;0.000302762;0.000302762;-1.84E-06;0.000302946;0.000302946;-1.84E-06;0.00030313;0.00030313;-1.84E-06;0.000303314;0.000303314;-1.84E-06;0.000303498;0.000303498;-1.84E-06;0.000303682;0.000303682;-1.84E-06;0.000303866;0.000303866
10;-8.99E-06;-9.91E-05;-9.91E-05;-1.84E-05;-9.73E-05;-9.73E-05;-3.05E-05;-9.42E-05;-9.42E-05;-4.15E-05;-9.01E-05;-9.01E-05;-5.02E-05;-8.50E-05;-8.50E-05;-5.63E-05;-7.94E-05;-7.94E-05;-6.00E-05;-7.34E-05;-7.34E-05;-6.16E-05;-6.72E-05;-6.72E-05;-6.15E-05;-6.11E-05;-6.11E-05;-6.01E-05;-5.51E-05;-5.51E-05;-5.77E-05;-4.93E-05;-4.93E-05;-5.45E-05;-4.39E-05;-4.39E-05;-5.09E-05;-3.88E-05;-3.88E-05;-4.70E-05;-3.41E-05;-3.41E-05;-4.31E-05;-2.98E-05;-2.98E-05;-3.91E-05;-2.58E-05;-2.58E-05;-3.53E-05;-2.23E-05;-2.23E-05;-3.17E-05;-1.92E-05;-1.92E-05;-2.82E-05;-1.63E-05;-1.63E-05;-2.51E-05;-1.38E-05;-1.38E-05;-2.22E-05;-1.16E-05;-1.16E-05;-1.96E-05;-9.64E-06;-9.64E-06;-1.73E-05;-7.91E-06;-7.91E-06;-1.52E-05;-6.38E-06;-6.38E-06;-1.34E-05;-5.05E-06;-5.05E-06;-1.18E-05;-3.87E-06;-3.87E-06;-1.03E-05;-2.84E-06;-2.84E-06;-9.11E-06;-1.93E-06;-1.93E-06;-8.04E-06;-1.12E-06;-1.12E-06;-7.12E-06;-4.11E-07;-4.11E-07;-6.32E-06;2.21E-07;0;-1.57E-06;1.57E-07;1.57E-07;-1.57E-06;3.14E-07;3.14E-07;-1.58E-06;4.72E-07;4.72E-07;-1.58E-06;6.31E-07;6.31E-07;-1.59E-06;7.90E-07;7.90E-07;-1.60E-06;9.49E-07;9.49E-07;-1.60E-06;1.11E-06;1.11E-06;-1.61E-06;1.27E-06;1.27E-06;-1.61E-06;1.43E-06;1.43E-06;-1.62E-06;1.59E-06;1.59E-06;-1.62E-06;1.76E-06;1.76E-06;-1.62E-06;1.92E-06;1.92E-06;-1.63E-06;2.08E-06;2.08E-06;-1.63E-06;2.24E-06;2.24E-06;-1.64E-06;2.41E-06;2.41E-06;-1.64E-06;2.57E-06;2.57E-06;-1.64E-06;2.74E-06;2.74E-06;-1.64E-06;2.90E-06;2.90E-06;-1.65E-06;3.06E-06;3.06E-06;-1.65E-06;3.23E-06;3.23E-06;-1.65E-06;3.39E-06;3.39E-06;-1.65E-06;3.56E-06;3.56E-06;-1.66E-06;3.73E-06;1.00E-04;-1.65E-06;0.000100165;0.000100165;-1.66E-06;0.000100332;0.000100332;-1.67E-06;0.000100498;0.000100498;-1.67E-06;0.000100665;0.000100665;-1.67E-06;0.000100832;0.000100832;-1.67E-06;0.000100999;0.000100999;-1.67E-06;0.000101166;0.000101166;-1.67E-06;0.000101333;0.000101333;-1.67E-06;0.000101501;0.000101501;-1.67E-06;0.000101668;0.000101668;-1.67E-06;0.000101835;0.000101835;-1.67E-06;0.000102002;0.000102002;-1.67E-06;0.00010217;0.00010217;-1.67E-06;0.000102337;0.000102337;-1.67E-06;0.000102504;0.000102504;-1.67E-06;0.000102672;0.000102672;-1.67E-06;0.000102839;0.000102839;-1.67E-06;0.000103006;0.000103006;-1.67E-06;0.000103174;0.000103174;-1.67E-06;0.000103341;0.000103341;-1.67E-06;0.000103509;0.000103509;-1.67E-06;0.000103676;0.000103676;-1.68E-06;0.000103844;0.000103844;-1.68E-06;0.000104011;0.000104011;-1.68E-06;0.000104179;0.0002;-1.67E-06;0.000200167;0.000200167;-1.67E-06;0.000200334;0.000200334;-1.67E-06;0.000200501;0.000200501;-1.67E-06;0.000200669;0.000200669;-1.67E-06;0.000200836;0.000200836;-1.67E-06;0.000201004;0.000201004;-1.67E-06;0.000201171;0.000201171;-1.67E-06;0.000201338;0.000201338;-1.67E-06;0.000201506;0.000201506;-1.67E-06;0.000201673;0.000201673;-1.67E-06;0.00020184;0.00020184;-1.67E-06;0.000202008;0.000202008;-1.67E-06;0.000202175;0.000202175;-1.67E-06;0.000202342;0.000202342;-1.67E-06;0.00020251;0.00020251;-1.67E-06;0.000202677;0.000202677;-1.67E-06;0.000202844;0.000202844;-1.67E-06;0.000203011;0.000203011;-1.67E-06;0.000203178;0.000203178;-1.67E-06;0.000203346;0.000203346;-1.67E-06;0.000203513;0.000203513
11;-8.10E-06;-0.00019919;-0.00019919;-1.68E-05;-0.000197508;-0.000197508;-2.86E-05;-0.000194652;-0.000194652;-4.03E-05;-0.000190621;-0.000190621;-5.11E-05;-0.000185508;-0.000185508;-6.07E-05;-0.000179436;-0.000179436;-6.90E-05;-0.000172538;-0.000172538;-7.59E-05;-0.000164948;-0.000164948;-8.14E-05;-0.000156805;-0.000156805;-8.56E-05;-0.000148244;-0.000148244;-8.85E-05;-0.000139397;-0.000139397;-9.00E-05;-0.000130394;-0.000130394;-9.04E-05;-0.000121353;-0.000121353;-8.97E-05;-0.000112383;-0.000112383;-8.80E-05;-0.000103582;-0.000103582;-8.55E-05;-9.50E-05;-9.50E-05;-8.23E-05;-8.68E-05;-8.68E-05;-7.86E-05;-7.89E-05;-7.89E-05;-7.45E-05;-7.15E-05;-7.15E-05;-7.00E-05;-6.45E-05;-6.45E-05;-6.55E-05;-5.79E-05;-5.79E-05;-6.08E-05;-5.19E-05;-5.19E-05;-5.62E-05;-4.62E-05;-4.62E-05;-5.17E-05;-4.11E-05;-4.11E-05;-4.73E-05;-3.63E-05;-3.63E-05;-4.32E-05;-3.20E-05;-3.20E-05;-3.92E-05;-2.81E-05;-2.81E-05;-3.55E-05;-2.45E-05;-2.45E-05;-3.21E-05;-2.13E-05;-2.13E-05;-2.89E-05;-1.85E-05;-1.85E-05;-2.59E-05;-1.59E-05;-1.00E-04;-0.000144609;-8.55E-05;-8.55E-05;-0.000123876;-7.32E-05;-7.32E-05;-0.000106568;-6.25E-05;-6.25E-05;-9.17E-05;-5.33E-05;-5.33E-05;-7.89E-05;-4.54E-05;-4.54E-05;-6.78E-05;-3.87E-05;-3.87E-05;-5.83E-05;-3.28E-05;-3.28E-05;-5.01E-05;-2.78E-05;-2.78E-05;-4.31E-05;-2.35E-05;-2.35E-05;-3.70E-05;-1.98E-05;-1.98E-05;-3.18E-05;-1.66E-05;-1.66E-05;-2.74E-05;-1.39E-05;-1.39E-05;-2.36E-05;-1.15E-05;-1.15E-05;-2.04E-05;-9.49E-06;-9.49E-06;-1.76E-05;-7.73E-06;-7.73E-06;-1.52E-05;-6.20E-06;-6.20E-06;-1.32E-05;-4.88E-06;-4.88E-06;-1.15E-05;-3.73E-06;-3.73E-06;-1.00E-05;-2.73E-06;-2.73E-06;-8.76E-06;-1.86E-06;-1.86E-06;-7.70E-06;-1.09E-06;-1.09E-06;-6.79E-06;-4.08E-07;-4.08E-07;-6.02E-06;1.94E-07;0;-1.52E-06;1.52E-07;1.52E-07;-1.52E-06;3.03E-07;3.03E-07;-1.52E-06;4.55E-07;4.55E-07;-1.52E-06;6.07E-07;6.07E-07;-1.52E-06;7.59E-07;7.59E-07;-1.52E-06;9.11E-07;9.11E-07;-1.52E-06;1.06E-06;1.06E-06;-1.52E-06;1.21E-06;1.21E-06;-1.52E-06;1.37E-06;1.37E-06;-1.52E-06;1.52E-06;1.52E-06;-1.52E-06;1.67E-06;1.67E-06;-1.52E-06;1.82E-06;1.82E-06;-1.52E-06;1.98E-06;1.98E-06;-1.53E-06;2.13E-06;2.13E-06;-1.53E-06;2.28E-06;2.28E-06;-1.53E-06;2.43E-06;2.43E-06;-1.53E-06;2.59E-06;2.59E-06;-1.53E-06;2.74E-06;2.74E-06;-1.53E-06;2.89E-06;2.89E-06;-1.53E-06;3.05E-06;3.05E-06;-1.53E-06;3.20E-06;3.20E-06;-1.53E-06;3.35E-06;3.35E-06;-1.53E-06;3.50E-06;3.50E-06;-1.53E-06;3.66E-06;3.66E-06;-1.53E-06;3.81E-06;1.00E-04;-1.52E-06;0.000100152;0.000100152;-1.53E-06;0.000100306;0.000100306;-1.53E-06;0.000100459;0.000100459;-1.53E-06;0.000100612;0.000100612;-1.53E-06;0.000100765;0.000100765;-1.53E-06;0.000100918;0.000100918;-1.53E-06;0.000101071;0.000101071;-1.53E-06;0.000101225;0.000101225;-1.53E-06;0.000101378;0.000101378;-1.53E-06;0.000101531;0.000101531;-1.53E-06;0.000101684;0.000101684;-1.53E-06;0.000101837;0.000101837;-1.53E-06;0.00010199;0.00010199;-1.53E-06;0.000102143;0.000102143;-1.53E-06;0.000102296;0.000102296;-1.53E-06;0.00010245;0.00010245;-1.53E-06;0.000102603;0.000102603;-1.53E-06;0.000102756;0.000102756;-1.53E-06;0.000102909;0.000102909;-1.53E-06;0.000103062;0.000103062;-1.53E-06;0.000103215;0.000103215
12;-7.34E-06;-0.000299266;-0.000299266;-1.54E-05;-0.000297731;-0.000297731;-2.61E-05;-0.000295119;-0.000295119;-3.70E-05;-0.000291421;-0.000291421;-4.71E-05;-0.000286712;-0.000286712;-5.63E-05;-0.000281084;-0.000281084;-6.46E-05;-0.000274627;-0.000274627;-7.20E-05;-0.000267423;-0.000267423;-7.88E-05;-0.000259545;-0.000259545;-8.48E-05;-0.000251065;-0.000251065;-9.01E-05;-0.000242051;-0.000242051;-9.47E-05;-0.000232576;-0.000232576;-9.86E-05;-0.000222714;-0.000222714;-0.000101723;-0.000212542;-0.000212542;-0.000104028;-0.000202139;-0.000202139;-0.000105525;-0.000191586;-0.000191586;-0.000106217;-0.000180965;-0.000180965;-0.000106121;-0.000170353;-0.000170353;-0.000105273;-0.000159825;-0.000159825;-0.000103725;-0.000149453;-0.000149453;-0.000101536;-0.000139299;-0.000139299;-9.88E-05;-0.000129421;-0.000129421;-9.55E-05;-0.000119868;-0.000119868;-9.19E-05;-0.000110679;-0.000110679;-8.79E-05;-0.000101889;-0.000101889;-8.37E-05;-9.35E-05;-9.35E-05;-7.93E-05;-8.56E-05;-8.56E-05;-7.48E-05;-7.81E-05;-7.81E-05;-7.02E-05;-7.11E-05;-7.11E-05;-6.57E-05;-6.45E-05;-6.45E-05;-6.13E-05;-5.84E-05;-0.0002;-0.00013383;-0.000186617;-0.000186617;-0.000135241;-0.000173093;-0.000173093;-0.000134184;-0.000159675;-0.000159675;-0.000130974;-0.000146577;-0.000146577;-0.000126146;-0.000133963;-0.000133963;-0.00012017;-0.000121946;-0.000121946;-0.000113435;-0.000110602;-0.000110602;-0.000106251;-1.00E-04;-1.00E-04;-9.89E-05;-9.01E-05;-9.01E-05;-9.15E-05;-8.09E-05;-8.09E-05;-8.42E-05;-7.25E-05;-7.25E-05;-7.72E-05;-6.48E-05;-6.48E-05;-7.04E-05;-5.78E-05;-5.78E-05;-6.41E-05;-5.14E-05;-5.14E-05;-5.81E-05;-4.55E-05;-4.55E-05;-5.26E-05;-4.03E-05;-4.03E-05;-4.75E-05;-3.55E-05;-3.55E-05;-4.28E-05;-3.13E-05;-3.13E-05;-3.85E-05;-2.74E-05;-2.74E-05;-3.45E-05;-2.40E-05;-2.40E-05;-3.10E-05;-2.09E-05;-2.09E-05;-2.77E-05;-1.81E-05;-1.81E-05;-2.48E-05;-1.56E-05;-1.00E-04;-0.000140536;-8.59E-05;-8.59E-05;-0.000120868;-7.39E-05;-7.39E-05;-0.000104137;-6.34E-05;-6.34E-05;-8.98E-05;-5.45E-05;-5.45E-05;-7.74E-05;-4.67E-05;-4.67E-05;-6.68E-05;-4.01E-05;-4.01E-05;-5.76E-05;-3.43E-05;-3.43E-05;-4.97E-05;-2.93E-05;-2.93E-05;-4.30E-05;-2.50E-05;-2.50E-05;-3.72E-05;-2.13E-05;-2.13E-05;-3.21E-05;-1.81E-05;-1.81E-05;-2.78E-05;-1.53E-05;-1.53E-05;-2.41E-05;-1.29E-05;-1.29E-05;-2.10E-05;-1.08E-05;-1.08E-05;-1.82E-05;-8.98E-06;-8.98E-06;-1.59E-05;-7.39E-06;-7.39E-06;-1.39E-05;-6.00E-06;-6.00E-06;-1.21E-05;-4.79E-06;-4.79E-06;-1.06E-05;-3.73E-06;-3.73E-06;-9.34E-06;-2.79E-06;-2.79E-06;-8.24E-06;-1.97E-06;-1.97E-06;-7.29E-06;-1.24E-06;-1.24E-06;-6.48E-06;-5.93E-07;-5.93E-07;-5.78E-06;-1.50E-08;-1.50E-08;-5.18E-06;5.03E-07;0;-1.41E-06;1.41E-07;1.41E-07;-1.41E-06;2.82E-07;2.82E-07;-1.41E-06;4.23E-07;4.23E-07;-1.41E-06;5.64E-07;5.64E-07;-1.41E-06;7.05E-07;7.05E-07;-1.41E-06;8.46E-07;8.46E-07;-1.41E-06;9.87E-07;9.87E-07;-1.41E-06;1.13E-06;1.13E-06;-1.41E-06;1.27E-06;1.27E-06;-1.41E-06;1.41E-06;1.41E-06;-1.41E-06;1.55E-06;1.55E-06;-1.41E-06;1.69E-06;1.69E-06;-1.41E-06;1.83E-06;1.83E-06;-1.41E-06;1.97E-06;1.97E-06;-1.41E-06;2.12E-06;2.12E-06;-1.41E-06;2.26E-06;2.26E-06;-1.41E-06;2.40E-06;2.40E-06;-1.41E-06;2.54E-06;2.54E-06;-1.41E-06;2.68E-06;2.68E-06;-1.41E-06;2.82E-06;2.82E-06;-1.41E-06;2.96E-06;2.96E-06
13;-6.68E-06;-0.000399332;-0.000399332;-1.41E-05;-0.000397924;-0.000397924;-2.40E-05;-0.000395523;-0.000395523;-3.41E-05;-0.000392117;-0.000392117;-4.34E-05;-0.000387772;-0.000387772;-5.20E-05;-0.000382574;-0.000382574;-5.97E-05;-0.000376605;-0.000376605;-6.67E-05;-0.000369937;-0.000369937;-7.31E-05;-0.00036263;-0.00036263;-7.89E-05;-0.000354736;-0.000354736;-8.43E-05;-0.000346301;-0.000346301;-8.93E-05;-0.000337367;-0.000337367;-9.39E-05;-0.000327974;-0.000327974;-9.81E-05;-0.000318161;-0.000318161;-0.000101929;-0.000307968;-0.000307968;-0.000105304;-0.000297438;-0.000297438;-0.000108231;-0.000286615;-0.000286615;-0.000110682;-0.000275546;-0.000275546;-0.000112631;-0.000264283;-0.000264283;-0.000114056;-0.000252878;-0.000252878;-0.000114939;-0.000241384;-0.000241384;-0.000115274;-0.000229856;-0.000229856;-0.000115061;-0.00021835;-0.00021835;-0.000114312;-0.000206919;-0.000206919;-0.000113045;-0.000195615;-0.000195615;-0.00011129;-0.000184486;-0.000184486;-0.000109081;-0.000173577;-0.000173577;-0.000106459;-0.000162931;-0.000162931;-0.000103471;-0.000152584;-0.000152584;-0.000100164;-0.000142568;-0.000142568;-9.66E-05;-0.000132909;-0.0003;-0.000124533;-0.000287547;-0.000287547;-0.000125682;-0.000274979;-0.000274979;-0.00012731;-0.000262248;-0.000262248;-0.000128658;-0.000249382;-0.000249382;-0.000129429;-0.000236439;-0.000236439;-0.000129472;-0.000223492;-0.000223492;-0.000128723;-0.000210619;-0.000210619;-0.000127179;-0.000197902;-0.000197902;-0.000124878;-0.000185414;-0.000185414;-0.000121889;-0.000173225;-0.000173225;-0.000118295;-0.000161395;-0.000161395;-0.000114191;-0.000149976;-0.000149976;-0.000109672;-0.000139009;-0.000139009;-0.000104833;-0.000128526;-0.000128526;-9.98E-05;-0.000118549;-0.000118549;-9.45E-05;-0.000109094;-0.000109094;-8.93E-05;-0.000100168;-0.000100168;-8.40E-05;-9.18E-05;-9.18E-05;-7.87E-05;-8.39E-05;-8.39E-05;-7.36E-05;-7.65E-05;-7.65E-05;-6.86E-05;-6.97E-05;-6.97E-05;-6.37E-05;-6.33E-05;-6.33E-05;-5.91E-05;-5.74E-05;-0.0002;-0.000130822;-0.000186918;-0.000186918;-0.000131956;-0.000173722;-0.000173722;-0.000130536;-0.000160669;-0.000160669;-0.000127134;-0.000147955;-0.000147955;-0.000122299;-0.000135725;-0.000135725;-0.000116473;-0.000124078;-0.000124078;-0.000110011;-0.000113077;-0.000113077;-0.000103189;-0.000102758;-0.000102758;-9.62E-05;-9.31E-05;-9.31E-05;-8.93E-05;-8.42E-05;-8.42E-05;-8.25E-05;-7.60E-05;-7.60E-05;-7.59E-05;-6.84E-05;-6.84E-05;-6.96E-05;-6.14E-05;-6.14E-05;-6.37E-05;-5.50E-05;-5.50E-05;-5.81E-05;-4.92E-05;-4.92E-05;-5.28E-05;-4.40E-05;-4.40E-05;-4.80E-05;-3.92E-05;-3.92E-05;-4.35E-05;-3.48E-05;-3.48E-05;-3.94E-05;-3.09E-05;-3.09E-05;-3.56E-05;-2.73E-05;-2.73E-05;-3.22E-05;-2.41E-05;-2.41E-05;-2.90E-05;-2.12E-05;-2.12E-05;-2.62E-05;-1.86E-05;-1.86E-05;-2.36E-05;-1.62E-05;-1.62E-05;-2.13E-05;-1.41E-05;-0.0001;-0.000131398;-8.69E-05;-8.69E-05;-0.000114214;-7.54E-05;-7.54E-05;-9.94E-05;-6.55E-05;-6.55E-05;-8.65E-05;-5.69E-05;-5.69E-05;-7.53E-05;-4.93E-05;-4.93E-05;-6.56E-05;-4.28E-05;-4.28E-05;-5.72E-05;-3.70E-05;-3.70E-05;-4.99E-05;-3.20E-05;-3.20E-05;-4.35E-05;-2.77E-05;-2.77E-05;-3.80E-05;-2.39E-05;-2.39E-05;-3.32E-05;-2.06E-05;-2.06E-05;-2.90E-05;-1.77E-05;-1.77E-05;-2.54E-05;-1.51E-05;-1.51E-05;-2.22E-05;-1.29E-05;-1.29E-05;-1.95E-05;-1.10E-05;-1.10E-05;-1.71E-05;-9.25E-06;-9.25E-06;-1.51E-05;-7.74E-06;-7.74E-06;-1.33E-05;-6.42E-06;-6.42E-06;-1.17E-05;-5.24E-06;-5.24E-06;-1.04E-05;-4.20E-06;-4.20E-06;-9.20E-06;-3.28E-06;-3.28E-06
14;-6.11E-06;-0.000499389;-0.000499389;-1.30E-05;-0.000498092;-0.000498092;-2.22E-05;-0.000495875;-0.000495875;-3.15E-05;-0.000492723;-0.000492723;-4.03E-05;-0.000488696;-0.000488696;-4.82E-05;-0.000483874;-0.000483874;-5.54E-05;-0.000478333;-0.000478333;-6.19E-05;-0.000472141;-0.000472141;-6.79E-05;-0.000465355;-0.000465355;-7.33E-05;-0.000458023;-0.000458023;-7.84E-05;-0.000450187;-0.000450187;-8.30E-05;-0.000441883;-0.000441883;-8.74E-05;-0.000433142;-0.000433142;-9.15E-05;-0.000423992;-0.000423992;-9.53E-05;-0.000414457;-0.000414457;-9.89E-05;-0.000404564;-0.000404564;-0.000102289;-0.000394335;-0.000394335;-0.000105403;-0.000383795;-0.000383795;-0.000108266;-0.000372968;-0.000372968;-0.000110866;-0.000361882;-0.000361882;-0.000113184;-0.000350563;-0.000350563;-0.0001152;-0.000339043;-0.000339043;-0.000116893;-0.000327354;-0.000327354;-0.000118245;-0.000315529;-0.000315529;-0.000119237;-0.000303606;-0.000303606;-0.000119855;-0.00029162;-0.00029162;-0.000120089;-0.000279611;-0.000279611;-0.000119934;-0.000267618;-0.000267618;-0.000119391;-0.000255679;-0.000255679;-0.000118464;-0.000243833;-0.000243833;-0.000117165;-0.000232116;-0.0004;-0.000116432;-0.000388357;-0.000388357;-0.000117386;-0.000376618;-0.000376618;-0.000118758;-0.000364742;-0.000364742;-0.000120215;-0.000352721;-0.000352721;-0.000121659;-0.000340555;-0.000340555;-0.00012301;-0.000328254;-0.000328254;-0.000124186;-0.000315835;-0.000315835;-0.000125114;-0.000303324;-0.000303324;-0.000125724;-0.000290751;-0.000290751;-0.000125965;-0.000278155;-0.000278155;-0.000125795;-0.000265576;-0.000265576;-0.00012519;-0.000253057;-0.000253057;-0.00012414;-0.000240643;-0.000240643;-0.000122647;-0.000228378;-0.000228378;-0.000120726;-0.000216305;-0.000216305;-0.0001184;-0.000204465;-0.000204465;-0.000115701;-0.000192895;-0.000192895;-0.000112664;-0.000181629;-0.000181629;-0.000109332;-0.000170696;-0.000170696;-0.000105747;-0.000160121;-0.000160121;-0.000101952;-0.000149926;-0.000149926;-9.80E-05;-0.000140127;-0.000140127;-9.39E-05;-0.000130736;-0.0003;-0.00012236;-0.000287764;-0.000287764;-0.000123274;-0.000275437;-0.000275437;-0.000124361;-0.000263;-0.000263;-0.000125165;-0.000250484;-0.000250484;-0.000125459;-0.000237938;-0.000237938;-0.000125124;-0.000225426;-0.000225426;-0.000124115;-0.000213014;-0.000213014;-0.000122434;-0.000200771;-0.000200771;-0.000120119;-0.000188759;-0.000188759;-0.000117229;-0.000177036;-0.000177036;-0.000113836;-0.000165653;-0.000165653;-0.000110021;-0.000154651;-0.000154651;-0.000105862;-0.000144064;-0.000144064;-0.000101438;-0.000133921;-0.000133921;-9.68E-05;-0.000124238;-0.000124238;-9.21E-05;-0.00011503;-0.00011503;-8.73E-05;-0.000106302;-0.000106302;-8.25E-05;-9.81E-05;-9.81E-05;-7.77E-05;-9.03E-05;-9.03E-05;-7.30E-05;-8.30E-05;-8.30E-05;-6.84E-05;-7.61E-05;-7.61E-05;-6.40E-05;-6.97E-05;-6.97E-05;-5.97E-05;-6.38E-05;-6.38E-05;-5.56E-05;-5.82E-05;-5.82E-05;-5.16E-05;-5.31E-05;-0.0002;-0.00012291;-0.000187709;-0.000187709;-0.000123843;-0.000175325;-0.000175325;-0.000122628;-0.000163062;-0.000163062;-0.000119753;-0.000151087;-0.000151087;-0.000115656;-0.000139521;-0.000139521;-0.000110693;-0.000128452;-0.000128452;-0.000105149;-0.000117937;-0.000117937;-9.93E-05;-0.000108011;-0.000108011;-9.32E-05;-9.87E-05;-9.87E-05;-8.71E-05;-9.00E-05;-9.00E-05;-8.10E-05;-8.19E-05;-8.19E-05;-7.52E-05;-7.44E-05;-7.44E-05;-6.95E-05;-6.74E-05;-6.74E-05;-6.41E-05;-6.10E-05;-6.10E-05;-5.89E-05;-5.51E-05;-5.51E-05;-5.41E-05;-4.97E-05;-4.97E-05;-4.96E-05;-4.47E-05;-4.47E-05;-4.53E-05;-4.02E-05;-4.02E-05;-4.14E-05;-3.61E-05;-3.61E-05;-3.78E-05;-3.23E-05;-3.23E-05;-3.44E-05;-2.89E-05;-2.89E-05
15;-5.60E-06;-0.00059944;-0.00059944;-1.20E-05;-0.000598241;-0.000598241;-2.05E-05;-0.000596186;-0.000596186;-2.93E-05;-0.000593258;-0.000593258;-3.75E-05;-0.00058951;-0.00058951;-4.49E-05;-0.000585017;-0.000585017;-5.17E-05;-0.000579852;-0.000579852;-5.78E-05;-0.000574076;-0.000574076;-6.33E-05;-0.000567746;-0.000567746;-6.84E-05;-0.000560908;-0.000560908;-7.31E-05;-0.000553601;-0.000553601;-7.74E-05;-0.000545859;-0.000545859;-8.15E-05;-0.000537712;-0.000537712;-8.53E-05;-0.000529186;-0.000529186;-8.88E-05;-0.000520303;-0.000520303;-9.22E-05;-0.000511084;-0.000511084;-9.54E-05;-0.000501547;-0.000501547;-9.84E-05;-0.000491709;-0.000491709;-0.000101235;-0.000481585;-0.000481585;-0.000103935;-0.000471192;-0.000471192;-0.000106484;-0.000460543;-0.000460543;-0.000108881;-0.000449655;-0.000449655;-0.000111119;-0.000438543;-0.000438543;-0.000113189;-0.000427224;-0.000427224;-0.000115081;-0.000415716;-0.000415716;-0.000116781;-0.000404038;-0.000404038;-0.000118275;-0.000392211;-0.000392211;-0.000119548;-0.000380256;-0.000380256;-0.000120586;-0.000368197;-0.000368197;-0.000121374;-0.00035606;-0.00035606;-0.000121902;-0.000343869;-0.0005;-0.000109311;-0.000489069;-0.000489069;-0.000110117;-0.000478057;-0.000478057;-0.000111291;-0.000466928;-0.000466928;-0.00011254;-0.000455674;-0.000455674;-0.000113811;-0.000444293;-0.000444293;-0.000115089;-0.000432784;-0.000432784;-0.000116357;-0.000421148;-0.000421148;-0.000117596;-0.000409389;-0.000409389;-0.000118783;-0.000397511;-0.000397511;-0.000119887;-0.000385522;-0.000385522;-0.000120876;-0.000373434;-0.000373434;-0.000121717;-0.000361263;-0.000361263;-0.000122379;-0.000349025;-0.000349025;-0.000122829;-0.000336742;-0.000336742;-0.000123043;-0.000324437;-0.000324437;-0.000122998;-0.000312138;-0.000312138;-0.000122677;-0.00029987;-0.00029987;-0.000122069;-0.000287663;-0.000287663;-0.000121167;-0.000275546;-0.000275546;-0.000119973;-0.000263549;-0.000263549;-0.00011849;-0.0002517;-0.0002517;-0.000116727;-0.000240027;-0.000240027;-0.000114698;-0.000228558;-0.0004;-0.000114923;-0.000388508;-0.000388508;-0.000115669;-0.000376941;-0.000376941;-0.000116565;-0.000365284;-0.000365284;-0.000117506;-0.000353534;-0.000353534;-0.000118436;-0.00034169;-0.00034169;-0.000119293;-0.000329761;-0.000329761;-0.000120012;-0.000317759;-0.000317759;-0.00012053;-0.000305706;-0.000305706;-0.000120792;-0.000293627;-0.000293627;-0.000120755;-0.000281552;-0.000281552;-0.000120386;-0.000269513;-0.000269513;-0.000119665;-0.000257547;-0.000257547;-0.000118585;-0.000245688;-0.000245688;-0.000117147;-0.000233973;-0.000233973;-0.000115362;-0.000222437;-0.000222437;-0.000113247;-0.000211113;-0.000211113;-0.000110826;-0.00020003;-0.00020003;-0.000108128;-0.000189217;-0.000189217;-0.000105184;-0.000178699;-0.000178699;-0.000102026;-0.000168496;-0.000168496;-9.87E-05;-0.000158627;-0.000158627;-9.52E-05;-0.000149107;-0.000149107;-9.16E-05;-0.000139946;-0.000139946;-8.79E-05;-0.000131153;-0.000131153;-8.42E-05;-0.000122733;-0.0003;-0.000115451;-0.000288455;-0.000288455;-0.000116211;-0.000276834;-0.000276834;-0.00011706;-0.000265128;-0.000265128;-0.000117681;-0.00025336;-0.00025336;-0.000117904;-0.000241569;-0.000241569;-0.00011763;-0.000229806;-0.000229806;-0.000116816;-0.000218125;-0.000218125;-0.000115458;-0.000206579;-0.000206579;-0.000113577;-0.000195221;-0.000195221;-0.000111214;-0.0001841;-0.0001841;-0.000108421;-0.000173258;-0.000173258;-0.000105255;-0.000162732;-0.000162732;-0.000101778;-0.000152554;-0.000152554;-9.80E-05;-0.000142749;-0.000142749;-9.41E-05;-0.000133337;-0.000133337;-9.01E-05;-0.00012433;-0.00012433;-8.59E-05;-0.000115739;-0.000115739;-8.17E-05;-0.000107567;-0.000107567;-7.75E-05;-9.98E-05;-9.98E-05;-7.34E-05;-9.25E-05;-9.25E-05;-6.93E-05;-8.56E-05;-8.56E-05
16;-5.16E-06;-0.000699484;-0.000699484;-1.11E-05;-0.000698372;-0.000698372;-1.91E-05;-0.000696461;-0.000696461;-2.73E-05;-0.000693732;-0.000693732;-3.50E-05;-0.000690232;-0.000690232;-4.20E-05;-0.000686031;-0.000686031;-4.83E-05;-0.000681197;-0.000681197;-5.41E-05;-0.00067579;-0.00067579;-5.93E-05;-0.000669862;-0.000669862;-6.40E-05;-0.000663458;-0.000663458;-6.84E-05;-0.000656615;-0.000656615;-7.25E-05;-0.000649367;-0.000649367;-7.63E-05;-0.000641742;-0.000641742;-7.98E-05;-0.000633765;-0.000633765;-8.31E-05;-0.000625457;-0.000625457;-8.62E-05;-0.00061684;-0.00061684;-8.91E-05;-0.000607929;-0.000607929;-9.19E-05;-0.000598741;-0.000598741;-9.45E-05;-0.000589289;-0.000589289;-9.70E-05;-0.000579586;-0.000579586;-9.94E-05;-0.000569643;-0.000569643;-0.000101711;-0.000559472;-0.000559472;-0.000103896;-0.000549083;-0.000549083;-0.000105984;-0.000538484;-0.000538484;-0.000107975;-0.000527687;-0.000527687;-0.000109869;-0.0005167;-0.0005167;-0.000111662;-0.000505534;-0.000505534;-0.00011335;-0.000494199;-0.000494199;-0.000114926;-0.000482706;-0.000482706;-0.000116381;-0.000471068;-0.000471068;-0.000117706;-0.000459297;-0.0006;-0.000103;-0.0005897;-0.0005897;-0.000103694;-0.000579331;-0.000579331;-0.000104712;-0.000568859;-0.000568859;-0.000105797;-0.00055828;-0.00055828;-0.000106898;-0.00054759;-0.00054759;-0.000108005;-0.000536789;-0.000536789;-0.000109113;-0.000525878;-0.000525878;-0.000110219;-0.000514856;-0.000514856;-0.000111323;-0.000503724;-0.000503724;-0.000112418;-0.000492482;-0.000492482;-0.000113499;-0.000481132;-0.000481132;-0.000114554;-0.000469677;-0.000469677;-0.000115572;-0.00045812;-0.00045812;-0.000116538;-0.000446466;-0.000446466;-0.000117435;-0.000434722;-0.000434722;-0.000118246;-0.000422898;-0.000422898;-0.000118953;-0.000411003;-0.000411003;-0.000119537;-0.000399049;-0.000399049;-0.00011998;-0.000387051;-0.000387051;-0.000120268;-0.000375024;-0.000375024;-0.000120384;-0.000362986;-0.000362986;-0.000120316;-0.000350954;-0.000350954;-0.000120054;-0.000338949;-0.0005;-0.000108334;-0.000489167;-0.000489167;-0.000108951;-0.000478271;-0.000478271;-0.000109699;-0.000467302;-0.000467302;-0.000110485;-0.000456253;-0.000456253;-0.000111293;-0.000445124;-0.000445124;-0.000112115;-0.000433912;-0.000433912;-0.000112939;-0.000422618;-0.000422618;-0.000113749;-0.000411243;-0.000411243;-0.000114526;-0.000399791;-0.000399791;-0.000115245;-0.000388266;-0.000388266;-0.000115879;-0.000376678;-0.000376678;-0.000116402;-0.000365038;-0.000365038;-0.000116788;-0.000353359;-0.000353359;-0.000117011;-0.000341658;-0.000341658;-0.000117052;-0.000329953;-0.000329953;-0.000116893;-0.000318264;-0.000318264;-0.000116518;-0.000306612;-0.000306612;-0.000115918;-0.00029502;-0.00029502;-0.000115088;-0.000283511;-0.000283511;-0.000114026;-0.000272109;-0.000272109;-0.000112734;-0.000260835;-0.000260835;-0.000111217;-0.000249714;-0.000249714;-0.000109484;-0.000238765;-0.000238765;-0.000107547;-0.000228011;-0.000228011;-0.000105418;-0.000217469;-0.0004;-0.000108844;-0.000389116;-0.000389116;-0.00010947;-0.000378169;-0.000378169;-0.000110173;-0.000367151;-0.000367151;-0.000110902;-0.000356061;-0.000356061;-0.000111623;-0.000344899;-0.000344899;-0.000112292;-0.00033367;-0.00033367;-0.000112858;-0.000322384;-0.000322384;-0.000113275;-0.000311056;-0.000311056;-0.000113499;-0.000299706;-0.000299706;-0.000113495;-0.000288357;-0.000288357;-0.000113234;-0.000277033;-0.000277033;-0.000112698;-0.000265764;-0.000265764;-0.000111877;-0.000254576;-0.000254576;-0.000110767;-0.000243499;-0.000243499;-0.000109374;-0.000232562;-0.000232562;-0.000107706;-0.000221791;-0.000221791;-0.000105778;-0.000211213;-0.000211213;-0.00010361;-0.000200852;-0.000200852;-0.000101223;-0.00019073;-0.00019073;-9.86E-05;-0.000180866;-0.000180866;-9.59E-05;-0.000171278;-0.000171278
17;-4.76E-06;-0.000799524;-0.000799524;-1.03E-05;-0.000798489;-0.000798489;-1.78E-05;-0.000796707;-0.000796707;-2.55E-05;-0.000794155;-0.000794155;-3.28E-05;-0.000790877;-0.000790877;-3.94E-05;-0.000786936;-0.000786936;-4.54E-05;-0.000782398;-0.000782398;-5.08E-05;-0.000777319;-0.000777319;-5.57E-05;-0.000771748;-0.000771748;-6.02E-05;-0.000765729;-0.000765729;-6.43E-05;-0.000759297;-0.000759297;-6.81E-05;-0.000752485;-0.000752485;-7.16E-05;-0.00074532;-0.00074532;-7.49E-05;-0.000737827;-0.000737827;-7.80E-05;-0.000730026;-0.000730026;-8.09E-05;-0.000721937;-0.000721937;-8.36E-05;-0.000713577;-0.000713577;-8.62E-05;-0.000704961;-0.000704961;-8.86E-05;-0.000696103;-0.000696103;-9.09E-05;-0.000687014;-0.000687014;-9.31E-05;-0.000677706;-0.000677706;-9.52E-05;-0.000668188;-0.000668188;-9.72E-05;-0.000658471;-0.000658471;-9.91E-05;-0.000648561;-0.000648561;-0.000100947;-0.000638466;-0.000638466;-0.000102725;-0.000628194;-0.000628194;-0.000104437;-0.00061775;-0.00061775;-0.000106086;-0.000607141;-0.000607141;-0.000107674;-0.000596374;-0.000596374;-0.000109201;-0.000585454;-0.000585454;-0.000110664;-0.000574387;-0.0007;-9.74E-05;-0.000690263;-0.000690263;-9.80E-05;-0.000680466;-0.000680466;-9.89E-05;-0.000670579;-0.000670579;-9.98E-05;-0.000660597;-0.000660597;-0.000100789;-0.000650518;-0.000650518;-0.000101756;-0.000640342;-0.000640342;-0.000102722;-0.00063007;-0.00063007;-0.000103684;-0.000619702;-0.000619702;-0.000104644;-0.000609237;-0.000609237;-0.000105601;-0.000598677;-0.000598677;-0.000106557;-0.000588021;-0.000588021;-0.000107511;-0.00057727;-0.00057727;-0.000108461;-0.000566424;-0.000566424;-0.000109405;-0.000555484;-0.000555484;-0.000110339;-0.00054445;-0.00054445;-0.000111257;-0.000533324;-0.000533324;-0.000112153;-0.000522109;-0.000522109;-0.000113018;-0.000510807;-0.000510807;-0.000113845;-0.000499422;-0.000499422;-0.000114623;-0.00048796;-0.00048796;-0.000115342;-0.000476426;-0.000476426;-0.00011599;-0.000464827;-0.000464827;-0.000116556;-0.000453171;-0.0006;-0.000102457;-0.000589754;-0.000589754;-0.000102973;-0.000579457;-0.000579457;-0.000103604;-0.000569097;-0.000569097;-0.000104268;-0.00055867;-0.00055867;-0.00010495;-0.000548175;-0.000548175;-0.000105645;-0.00053761;-0.00053761;-0.000106352;-0.000526975;-0.000526975;-0.000107069;-0.000516268;-0.000516268;-0.000107794;-0.000505489;-0.000505489;-0.000108522;-0.000494637;-0.000494637;-0.000109246;-0.000483712;-0.000483712;-0.00010996;-0.000472716;-0.000472716;-0.000110651;-0.000461651;-0.000461651;-0.000111309;-0.00045052;-0.00045052;-0.000111921;-0.000439328;-0.000439328;-0.000112472;-0.000428081;-0.000428081;-0.000112948;-0.000416786;-0.000416786;-0.000113334;-0.000405453;-0.000405453;-0.000113617;-0.000394091;-0.000394091;-0.000113784;-0.000382712;-0.000382712;-0.000113823;-0.00037133;-0.00037133;-0.000113722;-0.000359958;-0.000359958;-0.000113475;-0.00034861;-0.00034861;-0.000113073;-0.000337303;-0.000337303;-0.000112511;-0.000326052;-0.0005;-0.00010295;-0.000489705;-0.000489705;-0.000103472;-0.000479358;-0.000479358;-0.000104059;-0.000468952;-0.000468952;-0.000104669;-0.000458485;-0.000458485;-0.000105296;-0.000447955;-0.000447955;-0.000105933;-0.000437362;-0.000437362;-0.000106574;-0.000426705;-0.000426705;-0.000107207;-0.000415984;-0.000415984;-0.000107819;-0.000405202;-0.000405202;-0.00010839;-0.000394363;-0.000394363;-0.000108902;-0.000383473;-0.000383473;-0.000109335;-0.00037254;-0.00037254;-0.000109667;-0.000361573;-0.000361573;-0.000109882;-0.000350585;-0.000350585;-0.00010996;-0.000339589;-0.000339589;-0.000109887;-0.0003286;-0.0003286;-0.00010965;-0.000317635;-0.000317635;-0.00010924;-0.000306711;-0.000306711;-0.000108649;-0.000295846;-0.000295846;-0.000107873;-0.000285059;-0.000285059;-0.000106913;-0.000274368;-0.000274368
18;-4.41E-06;-0.000899559;-0.000899559;-9.65E-06;-0.000898595;-0.000898595;-1.67E-05;-0.000896928;-0.000896928;-2.39E-05;-0.000894535;-0.000894535;-3.08E-05;-0.000891456;-0.000891456;-3.71E-05;-0.00088775;-0.00088775;-4.27E-05;-0.000883477;-0.000883477;-4.79E-05;-0.000878691;-0.000878691;-5.25E-05;-0.00087344;-0.00087344;-5.68E-05;-0.000867765;-0.000867765;-6.06E-05;-0.0008617;-0.0008617;-6.42E-05;-0.000855277;-0.000855277;-6.76E-05;-0.000848522;-0.000848522;-7.06E-05;-0.000841458;-0.000841458;-7.35E-05;-0.000834106;-0.000834106;-7.62E-05;-0.000826485;-0.000826485;-7.87E-05;-0.000818611;-0.000818611;-8.11E-05;-0.000810499;-0.000810499;-8.34E-05;-0.000802164;-0.000802164;-8.55E-05;-0.000793615;-0.000793615;-8.75E-05;-0.000784865;-0.000784865;-8.94E-05;-0.000775923;-0.000775923;-9.12E-05;-0.000766799;-0.000766799;-9.30E-05;-0.000757499;-0.000757499;-9.47E-05;-0.000748031;-0.000748031;-9.63E-05;-0.000738402;-0.000738402;-9.78E-05;-0.000728617;-0.000728617;-9.93E-05;-0.000718682;-0.000718682;-0.000100802;-0.000708602;-0.000708602;-0.00010221;-0.000698381;-0.000698381;-0.000103575;-0.000688023;-0.0008;-9.23E-05;-0.000790769;-0.000790769;-9.28E-05;-0.000781484;-0.000781484;-9.36E-05;-0.00077212;-0.00077212;-9.45E-05;-0.000762671;-0.000762671;-9.53E-05;-0.000753136;-0.000753136;-9.62E-05;-0.000743516;-0.000743516;-9.71E-05;-0.00073381;-0.00073381;-9.79E-05;-0.00072402;-0.00072402;-9.87E-05;-0.000714146;-0.000714146;-9.96E-05;-0.000704189;-0.000704189;-0.000100406;-0.000694149;-0.000694149;-0.000101235;-0.000684025;-0.000684025;-0.000102063;-0.000673819;-0.000673819;-0.000102889;-0.00066353;-0.00066353;-0.000103715;-0.000653158;-0.000653158;-0.00010454;-0.000642704;-0.000642704;-0.000105363;-0.000632168;-0.000632168;-0.000106183;-0.00062155;-0.00062155;-0.000106998;-0.00061085;-0.00061085;-0.000107804;-0.00060007;-0.00060007;-0.000108599;-0.00058921;-0.00058921;-0.000109379;-0.000578272;-0.000578272;-0.000110138;-0.000567258;-0.0007;-9.72E-05;-0.000690282;-0.000690282;-9.76E-05;-0.00068052;-0.00068052;-9.82E-05;-0.000670705;-0.000670705;-9.87E-05;-0.000660833;-0.000660833;-9.93E-05;-0.000650902;-0.000650902;-9.99E-05;-0.000640913;-0.000640913;-0.000100496;-0.000630863;-0.000630863;-0.000101106;-0.000620752;-0.000620752;-0.000101723;-0.00061058;-0.00061058;-0.00010235;-0.000600345;-0.000600345;-0.000102984;-0.000590047;-0.000590047;-0.000103624;-0.000579684;-0.000579684;-0.00010427;-0.000569257;-0.000569257;-0.000104919;-0.000558765;-0.000558765;-0.000105566;-0.000548209;-0.000548209;-0.000106208;-0.000537588;-0.000537588;-0.00010684;-0.000526904;-0.000526904;-0.000107454;-0.000516159;-0.000516159;-0.000108045;-0.000505354;-0.000505354;-0.000108604;-0.000494494;-0.000494494;-0.000109123;-0.000483582;-0.000483582;-0.000109593;-0.000472622;-0.000472622;-0.000110006;-0.000461622;-0.000461622;-0.000110354;-0.000450586;-0.000450586;-0.000110626;-0.000439524;-0.0006;-9.77E-05;-0.000590234;-0.000590234;-9.81E-05;-0.000580424;-0.000580424;-9.86E-05;-0.000570565;-0.000570565;-9.91E-05;-0.000560654;-0.000560654;-9.96E-05;-0.00055069;-0.00055069;-0.000100177;-0.000540672;-0.000540672;-0.000100727;-0.000530599;-0.000530599;-0.000101285;-0.000520471;-0.000520471;-0.000101851;-0.000510286;-0.000510286;-0.000102421;-0.000500044;-0.000500044;-0.000102991;-0.000489745;-0.000489745;-0.000103556;-0.000479389;-0.000479389;-0.000104107;-0.000468978;-0.000468978;-0.000104637;-0.000458515;-0.000458515;-0.000105136;-0.000448001;-0.000448001;-0.000105593;-0.000437442;-0.000437442;-0.000105999;-0.000426842;-0.000426842;-0.000106342;-0.000416208;-0.000416208;-0.000106612;-0.000405546;-0.000405546;-0.000106797;-0.000394867;-0.000394867;-0.000106889;-0.000384178;-0.000384178
19;-4.09E-06;-0.000999591;-0.000999591;-9.01E-06;-0.00099869;-0.00099869;-1.56E-05;-0.000997128;-0.000997128;-2.25E-05;-0.000994879;-0.000994879;-2.90E-05;-0.00099198;-0.00099198;-3.50E-05;-0.000988485;-0.000988485;-4.03E-05;-0.000984451;-0.000984451;-4.52E-05;-0.00097993;-0.00097993;-4.96E-05;-0.000974967;-0.000974967;-5.37E-05;-0.000969601;-0.000969601;-5.73E-05;-0.000963867;-0.000963867;-6.07E-05;-0.000957792;-0.000957792;-6.39E-05;-0.000951403;-0.000951403;-6.68E-05;-0.000944724;-0.000944724;-6.95E-05;-0.000937773;-0.000937773;-7.20E-05;-0.000930569;-0.000930569;-7.44E-05;-0.000923128;-0.000923128;-7.66E-05;-0.000915465;-0.000915465;-7.87E-05;-0.000907593;-0.000907593;-8.07E-05;-0.000899523;-0.000899523;-8.26E-05;-0.000891267;-0.000891267;-8.43E-05;-0.000882833;-0.000882833;-8.60E-05;-0.000874231;-0.000874231;-8.76E-05;-0.000865468;-0.000865468;-8.92E-05;-0.000856553;-0.000856553;-9.06E-05;-0.00084749;-0.00084749;-9.20E-05;-0.000838286;-0.000838286;-9.34E-05;-0.000828946;-0.000828946;-9.47E-05;-0.000819476;-0.000819476;-9.60E-05;-0.000809878;-0.000809878;-9.72E-05;-0.000800158;-0.0009;-8.77E-05;-0.000891225;-0.000891225;-8.82E-05;-0.000882402;-0.000882402;-8.89E-05;-0.000873508;-0.000873508;-8.97E-05;-0.000864538;-0.000864538;-9.05E-05;-0.000855492;-0.000855492;-9.12E-05;-0.000846369;-0.000846369;-9.20E-05;-0.00083717;-0.00083717;-9.27E-05;-0.000827895;-0.000827895;-9.35E-05;-0.000818547;-0.000818547;-9.42E-05;-0.000809125;-0.000809125;-9.49E-05;-0.00079963;-0.00079963;-9.57E-05;-0.000790063;-0.000790063;-9.64E-05;-0.000780423;-0.000780423;-9.71E-05;-0.000770711;-0.000770711;-9.78E-05;-0.000760928;-0.000760928;-9.86E-05;-0.000751073;-0.000751073;-9.93E-05;-0.000741146;-0.000741146;-1.00E-04;-0.000731148;-0.000731148;-0.000100698;-0.000721078;-0.000721078;-0.000101414;-0.000710937;-0.000710937;-0.000102131;-0.000700724;-0.000700724;-0.000102846;-0.000690439;-0.000690439;-0.000103561;-0.000680083;-0.0008;-9.24E-05;-0.000790758;-0.000790758;-9.28E-05;-0.000781479;-0.000781479;-9.33E-05;-0.000772154;-0.000772154;-9.37E-05;-0.000762779;-0.000762779;-9.42E-05;-0.000753355;-0.000753355;-9.48E-05;-0.00074388;-0.00074388;-9.53E-05;-0.000734353;-0.000734353;-9.58E-05;-0.000724774;-0.000724774;-9.63E-05;-0.000715143;-0.000715143;-9.69E-05;-0.000705457;-0.000705457;-9.74E-05;-0.000695718;-0.000695718;-9.79E-05;-0.000685924;-0.000685924;-9.85E-05;-0.000676075;-0.000676075;-9.91E-05;-0.000666169;-0.000666169;-9.96E-05;-0.000656207;-0.000656207;-0.000100194;-0.000646188;-0.000646188;-0.000100772;-0.000636111;-0.000636111;-0.000101353;-0.000625975;-0.000625975;-0.000101935;-0.000615782;-0.000615782;-0.000102517;-0.00060553;-0.00060553;-0.000103095;-0.000595221;-0.000595221;-0.000103666;-0.000584854;-0.000584854;-0.000104226;-0.000574431;-0.000574431;-0.000104771;-0.000563954;-0.000563954;-0.000105297;-0.000553424;-0.0007;-9.29E-05;-0.000690711;-0.000690711;-9.33E-05;-0.000681386;-0.000681386;-9.37E-05;-0.000672018;-0.000672018;-9.41E-05;-0.000662606;-0.000662606;-9.46E-05;-0.000653149;-0.000653149;-9.50E-05;-0.000643646;-0.000643646;-9.55E-05;-0.000634097;-0.000634097;-9.60E-05;-0.0006245;-0.0006245;-9.65E-05;-0.000614855;-0.000614855;-9.69E-05;-0.000605161;-0.000605161;-9.74E-05;-0.000595418;-0.000595418;-9.79E-05;-0.000585623;-0.000585623;-9.85E-05;-0.000575778;-0.000575778;-9.90E-05;-0.000565882;-0.000565882;-9.95E-05;-0.000555934;-0.000555934;-1.00E-04;-0.000545935;-0.000545935;-0.000100498;-0.000535885;-0.000535885;-0.000100996;-0.000525786;-0.000525786;-0.000101479;-0.000515638;-0.000515638;-0.000101942;-0.000505444;-0.000505444;-0.00010238;-0.000495206;-0.000495206
